dataset,domain,seed,n,p_raw,categorical_share,minority_share,test_error,brier,high_confidence_n,high_confidence_errors,base_conditional_auc,augmented_conditional_auc,delta_conditional_auc,conflict_error_auc,entropy_error_auc,gini_error_auc,low_confidence_error_auc,mass_error_auc,conflict_top_quartile_error,entropy_top_quartile_error,gini_top_quartile_error,low_confidence_top_quartile_error,sef_entropy_spearman,conflict_triage_error_00,conflict_triage_error_10,conflict_triage_error_20,conflict_triage_error_30,monotone_statistic,monotone_p_value,conflict_error_gap,diagnostic_eligible,diagnostic_pass,attribution_seconds,sef_seconds,rows_per_second
Adult income,Socioeconomic,0,48842,14,0.5714285714285714,0.23928176569346055,0.1973676513600468,0.12980998073690433,8548,384,0.7722228176547445,0.8321722399150744,0.05994942226032984,0.45931484004981227,0.3932843505022048,0.36172780908051605,0.7648096827535522,0.5414845281112199,0.02667290594291062,0.024801123069723912,0.020589611605053813,0.11043518951801591,0.42756130813816423,0.044922788956481045,0.04575588197062264,0.048259725065808716,0.05365201403977937,-0.0060468869201878205,0.996,-0.005147402901263455,1.0,0.0,0.24278890000095998,0.03544590000092285,61440.912495073644
Adult income,Socioeconomic,1,48842,14,0.5714285714285714,0.23928176569346055,0.192336940625914,0.12843824304626825,8548,382,0.7777953024480253,0.8335221509694776,0.055726848521452266,0.4616530294811971,0.3718784181121314,0.35246931152409494,0.7667525161793313,0.5404024861095617,0.02667290594291062,0.022461394478240523,0.021993448759943846,0.10809546092653252,0.44245983235278324,0.04468881609733271,0.04679578837904588,0.04869844983913425,0.052816312886511785,-0.005671075081422835,1.0,-0.005147402901263455,1.0,0.0,0.19007090000013704,0.02887420000115526,78078.93394234033
Adult income,Socioeconomic,2,48842,14,0.5714285714285714,0.23928176569346055,0.19298040362679145,0.12876727991876344,8548,386,0.7865750927145002,0.8558259366989449,0.0692508439844447,0.46740042634069423,0.3954890793047015,0.3540125921590385,0.7807595669556762,0.5499204578782251,0.027608797379503978,0.022461394478240523,0.016846045858680395,0.1127749181094993,0.43130024972740005,0.04515676181562939,0.04588587027167555,0.0492834162035683,0.052983453117165305,-0.00486919777056856,0.984,-0.0009358914365933564,1.0,0.0,0.16999380000015663,0.026367000000391272,87059.12789086366
Adult income,Socioeconomic,3,48842,14,0.5714285714285714,0.23928176569346055,0.18917812225797018,0.1285346933956947,8548,388,0.7851342985647868,0.847160210733778,0.062025912168991226,0.47979141398827574,0.38854545684253083,0.34763587780473015,0.7756193779058015,0.5391038760865171,0.027608797379503978,0.02339728591483388,0.020589611605053813,0.10949929808142256,0.4421216518390954,0.04539073467477773,0.04640582347588717,0.050160865750219365,0.05348487380912586,-0.0030333282549415666,0.918,-0.0014038371548900329,1.0,0.0,0.21364539999922272,0.026857799999561394,71080.1353166462
Adult income,Socioeconomic,4,48842,14,0.5714285714285714,0.23928176569346055,0.19403334308277273,0.12840478455990673,8548,381,0.7803052872339775,0.8247399190198568,0.04443463178587925,0.464421024756502,0.38647562834491406,0.34917006440681997,0.7684507172614198,0.5435291569330128,0.0313523631258774,0.017781937295273748,0.019653720168460457,0.10575573233504913,0.46691810309501736,0.04457182966775854,0.044975952164305215,0.04782100029248318,0.05097777034932308,-0.0052485889955583035,0.986,-0.0009358914365933529,1.0,0.0,0.20948959999986982,0.032988699998895754,70501.1541242537
Adult income,Socioeconomic,5,48842,14,0.5714285714285714,0.23928176569346055,0.19064053816905527,0.12676654365559828,8548,374,0.7840063511669322,0.831564213647289,0.04755786248035687,0.48568141583657065,0.38727398337496355,0.34897267846792157,0.7760657569520678,0.5256401868975452,0.029948525970987367,0.02152550304164717,0.018249883013570427,0.1109031352363126,0.43446320778424474,0.04375292466073936,0.04432601065904069,0.04708979233694063,0.05064348988801604,-0.002075237999785591,0.846,0.0009358914365933564,1.0,0.0,0.1979812999998103,0.025376199999300297,76536.49418563546
Adult income,Socioeconomic,6,48842,14,0.5714285714285714,0.23928176569346055,0.18900263234863995,0.12579959992330547,8548,362,0.8027433308181466,0.8460992558376854,0.04335592501953878,0.4920066330738506,0.37933954076019827,0.34638305799012736,0.7899020427005816,0.5447806725672317,0.028076743097800654,0.019653720168460457,0.018249883013570427,0.10575573233504913,0.44288821525676714,0.04234908750584932,0.04302612764851163,0.04533489324363849,0.04880494735082734,-0.0011229790624675828,0.702,0.006083294337856808,1.0,0.0,0.1827195000005304,0.02471259999947506,82412.50992493231
Adult income,Socioeconomic,7,48842,14,0.5714285714285714,0.23928176569346055,0.18935361216730037,0.12773493750347414,8548,395,0.769242353905606,0.8433106086600102,0.07406825475440415,0.44902288044938027,0.3969426490520691,0.36217063843859604,0.7597104117921958,0.5308152470085563,0.024333177351427236,0.02105755732335049,0.021993448759943846,0.10949929808142256,0.4297531568127563,0.046209639681796914,0.04809567138957494,0.051330798479087454,0.054487715193046966,-0.007783078828642414,0.998,-0.014038371548900325,1.0,0.0,0.22149270000045362,0.02386589999878197,69673.53090559393
Adult income,Socioeconomic,8,48842,14,0.5714285714285714,0.23928176569346055,0.19028955835039485,0.12786516538505474,8548,389,0.7805599569734055,0.8375263993174222,0.05696644234401671,0.4735685449632009,0.3701818390340315,0.35351249948406527,0.7660123301314397,0.5588942266035803,0.02667290594291062,0.018717828731867104,0.017781937295273748,0.1127749181094993,0.4441987422783147,0.045507721104351896,0.04653581177694008,0.05001462415911085,0.05398629450108641,-0.003977124670109101,0.96,-0.0065512400561534845,1.0,0.0,0.19057970000176283,0.022691800000757212,80156.04522778714
Adult income,Socioeconomic,9,48842,14,0.5714285714285714,0.23928176569346055,0.19725065808716,0.1299111861643003,8548,380,0.7890242409402546,0.83766753440899,0.048643293468735416,0.48210829166451874,0.37649685550801587,0.3427551033558431,0.7747841383576473,0.5394694958503016,0.03088441740758072,0.018717828731867104,0.01918577445016378,0.11137108095460926,0.45210374666218817,0.04445484323818437,0.044585987261146494,0.04708979233694063,0.0511449105799766,-0.0026327688722089025,0.888,0.004679457182966775,1.0,0.0,0.1841260000001057,0.02591729999949166,81387.98047846691
Spambase,Communication,0,4601,57,0.0,0.39404477287546186,0.0670391061452514,0.05853171370045062,806,17,0.567136360247521,0.5720569596659957,0.004920599418474669,0.6569745769030045,0.4365168120480131,0.41154104227242233,0.6688287482293297,0.5000372772683218,0.0297029702970297,0.009900990099009901,0.0049504950495049506,0.0297029702970297,0.3125442160481485,0.02109181141439206,0.01793103448275862,0.017080745341614908,0.01773049645390071,0.011227509537028831,0.018,0.0198019801980198,0.0,,0.01601660000051197,0.0006231999996089144,96816.06750010795
Spambase,Communication,1,4601,57,0.0,0.39404477287546186,0.07138423339540657,0.06011647131573279,806,12,0.5046179680940386,0.48656591099916036,-0.018052057094878227,0.49989504617968095,0.41141897565071367,0.3860201511335013,0.524664147774979,0.5427162048698573,0.009900990099009901,0.009900990099009901,0.009852216748768473,0.01485148514851485,0.25130503038456947,0.01488833746898263,0.015172413793103448,0.017080745341614908,0.01773049645390071,-5.332457289367546e-06,0.466,0.0049504950495049506,0.0,,0.01511700000082783,0.0010162000016862294,99856.19714309348
Spambase,Communication,2,4601,57,0.0,0.39404477287546186,0.07324643078833024,0.0640601008085868,806,15,0.6930467762326169,0.6819216182048041,-0.011125158027812776,0.6079224610198061,0.29582806573957016,0.26818373367045933,0.5896333754740835,0.6054782975136958,0.009900990099009901,0.0049504950495049506,0.0,0.019801980198019802,0.29325310316889414,0.018610421836228287,0.019310344827586208,0.020186335403726708,0.02127659574468085,0.006828247357244484,0.082,0.004999029314696176,0.0,,0.016375899998820387,0.00058069999977306,95007.25382055558
Spambase,Communication,3,4601,57,0.0,0.39404477287546186,0.06952203600248293,0.05929694582468889,806,9,0.7199219294576886,0.7188066359960965,-0.001115293461592115,0.5325526279102188,0.534086156419908,0.5103861703610763,0.7443189739300153,0.40526976160602257,0.0049504950495049506,0.01485148514851485,0.01485148514851485,0.0297029702970297,0.30872422994936854,0.011166253101736972,0.011034482758620689,0.012422360248447204,0.014184397163120567,0.0012451246749338718,0.364,0.0,0.0,,0.01474419999976817,0.000493800000185729,105722.53576616838
Spambase,Communication,4,4601,57,0.0,0.39404477287546186,0.08069522036002483,0.06286788372090155,806,9,0.47372089781123655,0.4026209396347414,-0.07109995817649517,0.5244667503136763,0.39662623727868396,0.38156977554719085,0.5944514150285793,0.5144291091593476,0.0049504950495049506,0.009900990099009901,0.009900990099009901,0.01485148514851485,0.332774059375395,0.011166253101736972,0.011034482758620689,0.012422360248447204,0.014184397163120567,0.000935849948787884,0.41,0.0049504950495049506,0.0,,0.016013899999961723,0.00035059999936493114,98444.80430604586
Spambase,Communication,5,4601,57,0.0,0.39404477287546186,0.08007448789571694,0.06576879650589586,806,13,0.6710641187312057,0.6450674168202541,-0.025996701910951603,0.5244931613153556,0.3700649917547774,0.33747211174701713,0.6589387913473664,0.4867591424968474,0.0049504950495049506,0.009900990099009901,0.009900990099009901,0.024752475247524754,0.24695788507639438,0.016129032258064516,0.016551724137931035,0.018633540372670808,0.02127659574468085,0.0013464523471233528,0.37,0.0,0.0,,0.011499599999297061,0.0004135999988648109,135228.15030794134
Spambase,Communication,6,4601,57,0.0,0.39404477287546186,0.07324643078833024,0.06100725288357683,806,13,0.31040838102628765,0.2421185372005044,-0.06828984382578324,0.5503928606072364,0.43835483558056065,0.4078960131923562,0.6299350082452226,0.4638665243961587,0.009900990099009901,0.0,0.0,0.019801980198019802,0.3223554481668019,0.016129032258064516,0.016551724137931035,0.018633540372670808,0.01950354609929078,0.002770276164778117,0.276,0.0004670278348589581,0.0,,0.012226699998791446,0.0003000999986397801,128604.27246626077
Spambase,Communication,7,4601,57,0.0,0.39404477287546186,0.08007448789571694,0.0626485556840721,806,8,0.34351503759398494,0.3319235588972431,-0.01159147869674182,0.48355263157894735,0.3480576441102756,0.34790100250626566,0.5595238095238095,0.5532581453634086,0.0049504950495049506,0.0,0.0049504950495049506,0.01485148514851485,0.2560969129526674,0.009925558312655087,0.009655172413793104,0.010869565217391304,0.010638297872340425,-0.0005599127345432671,0.532,0.0003422001186293745,0.0,,0.01525709999987157,0.0005578999989666045,101865.31774380965
Spambase,Communication,8,4601,57,0.0,0.39404477287546186,0.0782122905027933,0.06459137370739743,806,14,0.6005591630591631,0.5570887445887446,-0.04347041847041855,0.5622294372294372,0.4283008658008658,0.386002886002886,0.6805555555555556,0.4934163059163059,0.0049504950495049506,0.009900990099009901,0.0049504950495049506,0.034653465346534656,0.35859861011462785,0.017369727047146403,0.019310344827586208,0.020186335403726708,0.02127659574468085,0.0036793617361121763,0.206,-0.0049017216992635225,0.0,,0.012731099999655271,0.00030530000003636815,123577.06115477481
Spambase,Communication,9,4601,57,0.0,0.39404477287546186,0.07262569832402235,0.06028951465843447,806,14,0.5900974025974027,0.5441919191919191,-0.045905483405483616,0.5731421356421356,0.483495670995671,0.46139971139971137,0.659992784992785,0.44985569985569984,0.009900990099009901,0.01485148514851485,0.01485148514851485,0.0297029702970297,0.2588976789552445,0.017369727047146403,0.016551724137931035,0.018633540372670808,0.02127659574468085,0.004324631534239263,0.146,0.0,0.0,,0.015841500000533415,0.0006173000001581386,97880.76894623607
Phoneme,Speech,0,5404,5,0.0,0.2934863064396743,0.2700845665961945,0.178554298307664,946,154,0.7362422930604748,0.7439574314574315,0.0077151383969567,0.48920208579299485,0.6671258034894398,0.6449888495343041,0.6863931523022432,0.6067575101666012,0.1350210970464135,0.28270042194092826,0.29535864978902954,0.2489451476793249,-0.1256746135631061,0.16279069767441862,0.16803760282021152,0.17328042328042328,0.17220543806646527,-0.005122562611569886,0.66,0.0,1.0,0.0,0.008933999999499065,9.549999958835542e-05,209535.41172725154
Phoneme,Speech,1,5404,5,0.0,0.2934863064396743,0.28488372093023256,0.18665064372457538,946,169,0.7301181147334993,0.7451432836048221,0.01502516887132277,0.4737535506766276,0.6809607578838348,0.6530579607502686,0.6715176715176715,0.6440794133101825,0.12658227848101267,0.29535864978902954,0.2742616033755274,0.28270042194092826,-0.15730710876072843,0.17864693446088795,0.18801410105757932,0.1931216931216931,0.19939577039274925,-0.013409355111880683,0.882,-0.016877637130801676,1.0,0.0,0.005308699999659439,9.789999967324547e-05,349942.66271474166
Phoneme,Speech,2,5404,5,0.0,0.2934863064396743,0.2653276955602537,0.18061661434212892,946,160,0.719203244274809,0.7387006997455472,0.019497455470738223,0.48098759541984737,0.6649570610687022,0.6512166030534351,0.6742604961832062,0.6486005089058524,0.12658227848101267,0.29957805907172996,0.2911392405063291,0.2869198312236287,-0.08965400690806917,0.16913319238900634,0.17156286721504113,0.17989417989417988,0.18429003021148035,-0.009307029539516995,0.8,-0.008438818565400824,1.0,0.0,0.00743510000029346,7.469999945897143e-05,251937.4683829625
Phoneme,Speech,3,5404,5,0.0,0.2934863064396743,0.2568710359408034,0.17308944948526803,946,149,0.7726625853662644,0.7831212685153216,0.01045868314905718,0.5072377118893838,0.6903067711973593,0.6574991789681103,0.7043106279420309,0.6431163844281829,0.1350210970464135,0.2616033755274262,0.2616033755274262,0.3037974683544304,-0.04517240674711068,0.15750528541226216,0.15511163337250294,0.1626984126984127,0.16314199395770393,0.0033412291801302165,0.412,0.025316455696202514,1.0,0.0,0.0060647000009339536,0.00015150000035646372,304366.0113264118
Phoneme,Speech,4,5404,5,0.0,0.2934863064396743,0.2748414376321353,0.17961238056459264,946,160,0.7641857506361323,0.7865776081424936,0.0223918575063613,0.4727894402035624,0.7113947201017812,0.683993320610687,0.6981472646310432,0.6049141221374046,0.10970464135021098,0.3080168776371308,0.29957805907172996,0.2869198312236287,-0.12246507923422519,0.16913319238900634,0.17861339600470036,0.1917989417989418,0.18882175226586104,-0.01330633541795269,0.86,-0.01687763713080169,1.0,0.0,0.007936799998788047,8.660000094096176e-05,235810.2550120775
Phoneme,Speech,5,5404,5,0.0,0.2934863064396743,0.2864693446088795,0.18965828641934693,946,180,0.7280171163330432,0.751421525964607,0.02340440963156376,0.46246011024078915,0.6749057151145925,0.6515448215839861,0.6584421235857266,0.645213228894691,0.14767932489451477,0.3291139240506329,0.3206751054852321,0.31223628691983124,-0.10391228803529298,0.19027484143763213,0.19388954171562867,0.19973544973544974,0.2054380664652568,-0.020126707224816826,0.958,-0.012658227848101278,1.0,0.0,0.009789600000658538,8.189999971364159e-05,191662.86784467072
Phoneme,Speech,6,5404,5,0.0,0.2934863064396743,0.26955602536997886,0.18274325018260143,946,161,0.73076710052617,0.7420579973889307,0.011290896862760746,0.4682399018870911,0.6917593068797722,0.6702377655576215,0.6638050401550817,0.6203426039482534,0.1350210970464135,0.3080168776371308,0.29535864978902954,0.26582278481012656,-0.08533942398417883,0.17019027484143764,0.17508813160987075,0.18121693121693122,0.18731117824773413,-0.01562839295094933,0.928,-0.016877637130801704,1.0,0.0,0.009214499999870895,8.350000098289456e-05,203484.62032977704
Phoneme,Speech,7,5404,5,0.0,0.2934863064396743,0.26109936575052856,0.17388293709687522,946,149,0.7571092940809917,0.7633322947630796,0.00622300068208792,0.517443769841604,0.6922183018534268,0.6746861131929299,0.7132367182302763,0.6362197165545291,0.11814345991561181,0.3037974683544304,0.29535864978902954,0.29957805907172996,-0.06747622870534764,0.15750528541226216,0.15746180963572268,0.16666666666666666,0.16767371601208458,0.008056663170346326,0.236,0.025316455696202528,1.0,0.0,0.005359800001315307,7.93999988673022e-05,347845.2713517577
Phoneme,Speech,8,5404,5,0.0,0.2934863064396743,0.27431289640591966,0.1841809290780136,946,175,0.720763387066889,0.7232758940151938,0.002512506948304738,0.5333592736705577,0.6204928664072633,0.5769946266444321,0.6951936260885677,0.6889605336297944,0.18143459915611815,0.29957805907172996,0.2869198312236287,0.32489451476793246,-0.052627360576327976,0.1849894291754757,0.1797884841363102,0.18386243386243387,0.1797583081570997,0.017527418302886986,0.076,0.05907172995780591,1.0,0.0,0.009785000000192667,0.00014419999934034422,190549.08754874353
Phoneme,Speech,9,5404,5,0.0,0.2934863064396743,0.2806553911205074,0.18458886366193758,946,175,0.7443468593663146,0.7603631647211414,0.016016305354826788,0.48087826570316844,0.6887381878821568,0.6685491939966648,0.6860329812858995,0.6294311654622937,0.1308016877637131,0.31223628691983124,0.31645569620253167,0.31645569620253167,-0.1580802531124942,0.1849894291754757,0.1927144535840188,0.20105820105820105,0.1933534743202417,-0.010037297735392154,0.76,-0.016877637130801676,1.0,0.0,0.00797469999997702,8.39000003907131e-05,234780.23476952122
Mammography,Healthcare,0,11183,6,0.0,0.023249575248144506,0.08888888888888889,0.07527196696400568,2485,50,0.8294291581108829,0.9281149897330595,0.09868583162217659,0.07125256673511293,0.15456262833675563,0.17003696098562626,0.28461601642710477,0.8686981519507185,0.0008305647840531562,0.0008110300081103001,0.0008130081300813008,0.0008396305625524769,0.8395182577861376,0.02012072434607646,0.022361359570661897,0.025150905432595575,0.02875215641173088,-0.031041008778659986,1.0,-0.07312441913877642,1.0,0.0,0.00898609999967448,0.000273600000582519,422799.87471422844
Mammography,Healthcare,1,11183,6,0.0,0.023249575248144506,0.10421455938697317,0.08339095155155868,2073,43,0.8253809141940657,0.8595772711650819,0.034196356971016195,0.12149157979149958,0.15475999541757357,0.16067132546683469,0.2614961622178944,0.8881658838354909,0.0032976092333058533,0.003404255319148936,0.0034071550255536627,0.0034129692832764505,0.8252486773179648,0.020742884708152436,0.023056300268096516,0.025331724969843185,0.028256374913852515,-0.02942498633317062,1.0,-0.0699201171636113,1.0,0.0,0.007649999999557622,0.00014009999904374126,502560.9428252398
Mammography,Healthcare,2,11183,6,0.0,0.023249575248144506,0.09987228607918264,0.07812488738176364,2232,32,0.7464275568181818,0.7845383522727273,0.03811079545454543,0.16446022727272724,0.25501420454545454,0.268125,0.3192897727272727,0.8269886363636364,0.002551020408163265,0.00427715996578272,0.00427715996578272,0.0017452006980802793,0.8040985725118381,0.014336917562724014,0.015438247011952191,0.01680672268907563,0.01856594110115237,-0.017664531453312992,1.0,-0.038667617584668273,1.0,0.0,0.006920099998751539,0.0001174000008177245,556305.5062507455
Mammography,Healthcare,3,11183,6,0.0,0.023249575248144506,0.09808429118773947,0.07807145887801796,2588,55,0.6536194953881491,0.8782327818253598,0.22461328643721068,0.1113519721494455,0.31680723540178735,0.3290313318738112,0.3791695079496106,0.8316907727093277,0.0016863406408094434,0.006598240469208211,0.006545454545454545,0.0017543859649122807,0.6363982329043155,0.02125193199381762,0.0236152855302705,0.026570048309178744,0.030369961347321922,-0.029283275943541003,1.0,-0.07250222195579024,1.0,0.0,0.004827699998713797,0.00011559999984456226,791981.065511248
Mammography,Healthcare,4,11183,6,0.0,0.023249575248144506,0.09910600255427841,0.08009640625971193,2322,50,0.7941593309859155,0.8715625000000001,0.07740316901408462,0.11839788732394366,0.19404929577464786,0.2061531690140845,0.3111267605633803,0.889031690140845,0.0024958402662229617,0.003179650238473768,0.00322061191626409,0.002531645569620253,0.7865925214186688,0.02153316106804479,0.023934897079942556,0.026386645126548196,0.030153846153846153,-0.029910660111986502,1.0,-0.07323565715202145,1.0,0.0,0.007006100000580773,0.00012450000031094532,549042.1562716194
Mammography,Healthcare,5,11183,6,0.0,0.023249575248144506,0.09272030651340996,0.07787972808543778,2059,37,0.8435319592589623,0.8653594247066057,0.021827465447643357,0.1582858823214906,0.1583794476969551,0.16029085465287246,0.27668618173069215,0.8854893469136794,0.004152823920265781,0.00338409475465313,0.003389830508474576,0.003421727972626176,0.8229194310246257,0.017969888295288974,0.019427954668105773,0.020643594414086218,0.022900763358778626,-0.02311102212423276,1.0,-0.05604135083701577,1.0,0.0,0.007533200001489604,0.00021460000061779283,505304.73152832064
Mammography,Healthcare,6,11183,6,0.0,0.023249575248144506,0.08659003831417625,0.07197492563342979,2123,27,0.7761786118179248,0.8162019366694939,0.04002332485156912,0.1801314673452078,0.19877367825841108,0.20866906983319194,0.2517670342097823,0.8291277919140514,0.003281378178835111,0.00338409475465313,0.0033783783783783786,0.003389830508474576,0.8235051382631547,0.012717852096090438,0.013612565445026177,0.014723203769140165,0.016150740242261104,-0.015287182341168003,1.0,-0.03438340524866018,1.0,0.0,0.007954100001370534,0.0001267000006919261,484481.7343580803
Mammography,Healthcare,7,11183,6,0.0,0.023249575248144506,0.10753512132822478,0.08437959438698711,2026,42,0.8091577860983102,0.8540526593701998,0.04489487327188957,0.1320084485407066,0.18689996159754224,0.19437644009216593,0.2729574692780338,0.8780961981566819,0.004251700680272109,0.005185825410544511,0.005199306759098787,0.0043821209465381246,0.8050555468818983,0.02073050345508391,0.022490400438837082,0.025308641975308643,0.028913963328631876,-0.02855435377025115,1.0,-0.0667542164794912,1.0,0.0,0.007913400000688853,0.00021780000133730937,481478.74840422644
Mammography,Healthcare,8,11183,6,0.0,0.023249575248144506,0.09936143039591315,0.07903370936528474,2018,32,0.7830123363544814,0.8262367824773414,0.04322444612286003,0.19452574269889222,0.20222022910372608,0.20543019889224573,0.28668649295065457,0.8692960095669688,0.00502092050209205,0.004284490145672665,0.004288164665523156,0.004288164665523156,0.8447449679629284,0.015857284440039643,0.017070484581497798,0.01858736059479554,0.019830028328611898,-0.01838190769150144,1.0,-0.04448402999295746,1.0,0.0,0.006734900000083144,0.000189200000022538,565416.4440057547
Mammography,Healthcare,9,11183,6,0.0,0.023249575248144506,0.09808429118773947,0.08450228501843678,1987,54,0.8747437297618363,0.906233833419555,0.03149010365771865,0.1024218735030944,0.11117817248184553,0.11564254373359392,0.1939223237722979,0.9329194688739437,0.0025188916876574307,0.0025619128949615714,0.002570694087403599,0.0025795356835769563,0.8606618816063644,0.027176648213387014,0.030201342281879196,0.03335431088735054,0.038129496402877695,-0.04072280541569482,1.0,-0.09607265760811722,1.0,0.0,0.0071518999993713805,0.00011670000094454736,538618.1657856858
Credit approval,Credit,0,690,15,0.6,0.4449275362318841,0.1322314049586777,0.09448241137237645,121,6,0.6536231884057971,0.6376811594202898,-0.01594202898550734,0.7260869565217392,0.6086956521739131,0.6376811594202898,0.6898550724637681,0.6043478260869566,0.0967741935483871,0.03225806451612903,0.06451612903225806,0.12903225806451613,0.3118479880774962,0.049586776859504134,0.027777777777777776,0.03125,0.023809523809523808,0.03691129758386814,0.036,0.0967741935483871,0.0,,0.019332600000780076,0.0001267000006919261,12436.213018027054
Credit approval,Credit,1,690,15,0.6,0.4449275362318841,0.1322314049586777,0.09190427105541085,121,5,0.5862068965517241,0.7551724137931035,0.16896551724137943,0.496551724137931,0.45,0.41551724137931034,0.6793103448275862,0.29137931034482756,0.0,0.0,0.03225806451612903,0.06451612903225806,0.3202411597344532,0.04132231404958678,0.046296296296296294,0.052083333333333336,0.047619047619047616,-0.0004732217638957436,0.508,-0.03225806451612903,0.0,,0.016011399999115383,7.270000060088933e-05,15045.91491002101
Credit approval,Credit,2,690,15,0.6,0.4449275362318841,0.11983471074380166,0.08818415264406419,121,3,0.7627118644067797,0.8333333333333334,0.07062146892655363,0.24858757062146894,0.8107344632768361,0.6242937853107344,0.3163841807909604,0.43220338983050843,0.0,0.06451612903225806,0.03225806451612903,0.0,0.2803617396016799,0.024793388429752067,0.027777777777777776,0.03125,0.03571428571428571,-0.021058368493360666,0.94,-0.06451612903225806,0.0,,0.016521199999260716,0.00013410000065050554,14529.909398287029
Credit approval,Credit,3,690,15,0.6,0.4449275362318841,0.128099173553719,0.09763342566044325,121,4,0.5235042735042734,0.6602564102564102,0.13675213675213682,0.4786324786324786,0.5641025641025641,0.4017094017094017,0.6517094017094017,0.18162393162393162,0.0,0.0,0.0,0.03225806451612903,0.24465519577293043,0.03305785123966942,0.037037037037037035,0.041666666666666664,0.047619047619047616,-0.0023661088194787266,0.552,0.0,0.0,,0.016942799999014824,0.00011720000111381523,14185.228604816837
Credit approval,Credit,4,690,15,0.6,0.4449275362318841,0.1322314049586777,0.09794253400098091,121,4,0.16880341880341881,0.24145299145299143,0.07264957264957261,0.5491452991452991,0.5512820512820513,0.5598290598290598,0.45940170940170943,0.6111111111111112,0.03225806451612903,0.06451612903225806,0.06451612903225806,0.03225806451612903,0.17663595718737293,0.03305785123966942,0.027777777777777776,0.03125,0.023809523809523808,0.00544205028480107,0.35,0.0,0.0,,0.018921499999123625,0.00012349999997240957,12706.747178340062
Credit approval,Credit,5,690,15,0.6,0.4449275362318841,0.11983471074380166,0.09212146516022275,121,3,0.8983050847457626,0.884180790960452,-0.01412429378531066,0.8954802259887005,0.7909604519774011,0.9011299435028248,0.8587570621468926,0.6892655367231639,0.06451612903225806,0.06451612903225806,0.0967741935483871,0.0967741935483871,0.20195772930497216,0.024793388429752067,0.009259259259259259,0.010416666666666666,0.011904761904761904,0.03312552347270219,0.01,0.06451612903225806,0.0,,0.02542179999909422,9.660000068834051e-05,9483.353188368474
Credit approval,Credit,6,690,15,0.6,0.4449275362318841,0.11570247933884298,0.08857401584651928,121,3,0.5451977401129944,0.6638418079096046,0.11864406779661019,0.6214689265536724,0.231638418079096,0.18361581920903952,0.423728813559322,0.6807909604519774,0.03225806451612903,0.0,0.0,0.0,0.3604525132095921,0.024793388429752067,0.018518518518518517,0.020833333333333332,0.023809523809523808,0.010174267923758522,0.248,0.03225806451612903,0.0,,0.030070100001466926,0.00016929999947024044,8002.804288196857
Credit approval,Credit,7,690,15,0.6,0.4449275362318841,0.1322314049586777,0.08439328357265687,121,3,0.5310734463276836,0.38983050847457623,-0.14124293785310738,0.37570621468926546,0.6016949152542372,0.5706214689265536,0.3813559322033898,0.4378531073446328,0.0,0.03225806451612903,0.03225806451612903,0.03225806451612903,0.3662782820755994,0.024793388429752067,0.027777777777777776,0.03125,0.03571428571428571,-0.010410878805706398,0.766,-0.03225806451612903,0.0,,0.02791619999879913,0.00013630000103148632,8626.68211394568
Credit approval,Credit,8,690,15,0.6,0.4449275362318841,0.14049586776859505,0.10192855247694052,121,6,0.45217391304347826,0.3710144927536232,-0.08115942028985507,0.5492753623188406,0.5536231884057972,0.6130434782608696,0.6130434782608696,0.5217391304347826,0.06451612903225806,0.03225806451612903,0.03225806451612903,0.06451612903225806,0.23677685950413216,0.049586776859504134,0.046296296296296294,0.052083333333333336,0.03571428571428571,0.008044769986227666,0.342,0.03225806451612903,0.0,,0.028219200001331046,8.110000089800451e-05,8551.1461002512
Credit approval,Credit,9,690,15,0.6,0.4449275362318841,0.13636363636363635,0.11295084918006462,121,8,0.5763274336283186,0.5033185840707964,-0.07300884955752218,0.6548672566371682,0.6714601769911505,0.5641592920353983,0.6371681415929203,0.4325221238938053,0.0967741935483871,0.0967741935483871,0.06451612903225806,0.12903225806451613,0.22331662376371758,0.06611570247933884,0.05555555555555555,0.052083333333333336,0.03571428571428571,0.03312552347270219,0.076,0.06451612903225806,0.0,,0.020353100000647828,0.00013109999963489827,11813.983460260097
QSAR biodeg.,Chemistry,0,1055,41,0.0,0.33744075829383885,0.12972972972972974,0.10314149218307153,185,8,0.5550847457627118,0.5310734463276836,-0.02401129943502822,0.4978813559322034,0.634180790960452,0.6334745762711864,0.6864406779661016,0.37570621468926557,0.0425531914893617,0.06382978723404255,0.06382978723404255,0.0851063829787234,-0.1474754558204769,0.043243243243243246,0.04819277108433735,0.04054054054054054,0.03875968992248062,-0.00030365103497558937,0.48,0.02127659574468085,0.0,,0.009136499998930958,0.0001171000003523659,39984.438491901084
QSAR biodeg.,Chemistry,1,1055,41,0.0,0.33744075829383885,0.16216216216216217,0.11111470907216783,185,9,0.7089646464646464,0.7171717171717171,0.008207070707070718,0.6237373737373737,0.5366161616161617,0.5517676767676767,0.7607323232323232,0.5044191919191919,0.06382978723404255,0.06382978723404255,0.06382978723404255,0.10638297872340426,-0.11934452763781478,0.04864864864864865,0.04216867469879518,0.0472972972972973,0.03875968992248062,0.01983854368508918,0.11,0.042553191489361694,0.0,,0.012774099999660393,0.00012790000073437113,28677.724382939006
QSAR biodeg.,Chemistry,2,1055,41,0.0,0.33744075829383885,0.17297297297297298,0.12215900115004391,185,8,0.778954802259887,0.7492937853107344,-0.029661016949152574,0.6652542372881356,0.536723163841808,0.5225988700564972,0.8241525423728813,0.4922316384180791,0.0851063829787234,0.0425531914893617,0.0425531914893617,0.14893617021276595,-0.007865509268033814,0.043243243243243246,0.030120481927710843,0.02702702702702703,0.031007751937984496,0.02368478072809609,0.082,0.0851063829787234,0.0,,0.009265400000003865,8.029999844438862e-05,39590.39986961215
QSAR biodeg.,Chemistry,3,1055,41,0.0,0.33744075829383885,0.15135135135135136,0.12729915294775068,185,16,0.5129437869822485,0.5103550295857988,-0.0025887573964497035,0.6005917159763313,0.6198224852071006,0.6327662721893492,0.6446005917159763,0.4755917159763314,0.1276595744680851,0.14893617021276595,0.14893617021276595,0.1276595744680851,-0.01831621242560934,0.08648648648648649,0.09036144578313253,0.08783783783783784,0.07751937984496124,0.027531027171120236,0.092,0.08510638297872339,0.0,,0.006536900000355672,8.120000165945385e-05,55907.2845510554
QSAR biodeg.,Chemistry,4,1055,41,0.0,0.33744075829383885,0.13243243243243244,0.09710824575365336,185,5,0.6611111111111112,0.6277777777777778,-0.03333333333333344,0.6755555555555556,0.5566666666666666,0.5888888888888889,0.798888888888889,0.45555555555555555,0.0425531914893617,0.02127659574468085,0.02127659574468085,0.0851063829787234,-0.05498085743527539,0.02702702702702703,0.018072289156626505,0.02027027027027027,0.015503875968992248,0.015992287842047787,0.096,0.0425531914893617,0.0,,0.01184110000031069,0.0007526999997935491,29379.535961896927
QSAR biodeg.,Chemistry,5,1055,41,0.0,0.33744075829383885,0.13243243243243244,0.09769600527080571,185,5,0.4333333333333334,0.5477777777777778,0.1144444444444444,0.3866666666666667,0.5577777777777778,0.5277777777777778,0.6666666666666666,0.5077777777777778,0.0,0.02127659574468085,0.02127659574468085,0.0425531914893617,-0.021675658310581776,0.02702702702702703,0.030120481927710843,0.033783783783783786,0.031007751937984496,-0.010324140081015797,0.788,-0.02127659574468085,0.0,,0.0068373000012798,8.22000001790002e-05,53472.07167020665
QSAR biodeg.,Chemistry,6,1055,41,0.0,0.33744075829383885,0.15945945945945947,0.1111262336319537,185,6,0.5251396648044693,0.5540037243947858,0.02886405959031657,0.5968342644320298,0.4962756052141527,0.515828677839851,0.6843575418994413,0.5391061452513967,0.0425531914893617,0.0425531914893617,0.0425531914893617,0.0425531914893617,-0.09232402107577424,0.032432432432432434,0.03614457831325301,0.02702702702702703,0.031007751937984496,0.010526569212487149,0.218,0.0425531914893617,0.0,,0.006824399999459274,7.29000003047986e-05,53644.17960834763
QSAR biodeg.,Chemistry,7,1055,41,0.0,0.33744075829383885,0.15135135135135136,0.11579943645128452,185,11,0.46760710553814,0.49268547544409613,0.025078369905956133,0.45141065830721006,0.4979101358411703,0.5010449320794149,0.6206896551724138,0.5553814002089864,0.02127659574468085,0.0425531914893617,0.06382978723404255,0.0851063829787234,-0.017414047989083054,0.05945945945945946,0.06626506024096386,0.06756756756756757,0.06976744186046512,-0.009413182084243318,0.728,0.02127659574468085,0.0,,0.008167599999069353,7.619999996677507e-05,44882.21451797238
QSAR biodeg.,Chemistry,8,1055,41,0.0,0.33744075829383885,0.16756756756756758,0.11526668741804341,185,9,0.7468434343434343,0.7297979797979798,-0.017045454545454475,0.5549242424242424,0.658459595959596,0.6792929292929293,0.7897727272727272,0.40845959595959597,0.06382978723404255,0.06382978723404255,0.10638297872340426,0.1276595744680851,-0.17445320495811384,0.04864864864864865,0.04216867469879518,0.04054054054054054,0.046511627906976744,0.008805880014292135,0.308,0.021276595744680847,0.0,,0.008696499999132357,7.369999912043568e-05,42188.31954501742
QSAR biodeg.,Chemistry,9,1055,41,0.0,0.33744075829383885,0.15135135135135136,0.11053321507656612,185,12,0.703757225433526,0.6888246628131021,-0.014932562620423973,0.5183044315992293,0.600674373795761,0.6011560693641619,0.7711946050096339,0.3959537572254335,0.06382978723404255,0.10638297872340426,0.10638297872340426,0.1702127659574468,-0.09332853189795687,0.06486486486486487,0.060240963855421686,0.060810810810810814,0.06201550387596899,0.0038462464430241527,0.4,0.0,0.0,,0.006255800000872114,7.659999937459361e-05,58429.66331652849
PC1 defects,Software,0,1109,21,0.0,0.06943192064923355,0.2185089974293059,0.16858210525645564,195,28,0.7574850299401198,0.7504277159965783,-0.007057313943541477,0.29319931565440543,0.2005988023952096,0.21556886227544908,0.38729683490162525,0.8436698032506416,0.04081632653061224,0.0,0.0,0.10204081632653061,0.29598279067245375,0.14358974358974358,0.16,0.17307692307692307,0.18382352941176472,-0.08810156736016676,0.998,-0.24489795918367346,1.0,0.0,0.005402099999628263,6.190000021888409e-05,71193.26500931225
PC1 defects,Software,1,1109,21,0.0,0.06943192064923355,0.1953727506426735,0.16047131358279937,195,29,0.5407145824678022,0.6514333194848358,0.11071873701703361,0.3390112172829248,0.42625675114250106,0.43685085168259247,0.5423764021603656,0.7420024927295389,0.02040816326530612,0.08163265306122448,0.12244897959183673,0.14285714285714285,-0.015233758844814429,0.14871794871794872,0.1657142857142857,0.1794871794871795,0.20588235294117646,-0.07060874813344047,1.0,-0.2448979591836735,1.0,0.0,0.0051546999984566355,6.089999988034833e-05,74583.94051001502
PC1 defects,Software,2,1109,21,0.0,0.06943192064923355,0.2390745501285347,0.17034101063566937,195,32,0.5960506134969326,0.656058282208589,0.060007668711656414,0.3009969325153374,0.3289877300613496,0.33627300613496935,0.4369248466257668,0.7806748466257668,0.061224489795918366,0.02040816326530612,0.02040816326530612,0.14285714285714285,0.25412653437476984,0.1641025641025641,0.17714285714285713,0.1987179487179487,0.21323529411764705,-0.09457055115592646,1.0,-0.22448979591836732,1.0,0.0,0.007690599999477854,7.530000038968865e-05,50090.7814943065
PC1 defects,Software,3,1109,21,0.0,0.06943192064923355,0.18508997429305912,0.1470904763990868,195,23,0.6777047522750252,0.724469160768453,0.04676440849342778,0.269464105156724,0.2800808897876643,0.3190091001011123,0.5437310414560161,0.7027300303336704,0.0,0.04081632653061224,0.04081632653061224,0.16326530612244897,0.28579382858326746,0.11794871794871795,0.13142857142857142,0.14743589743589744,0.16911764705882354,-0.08308984656262185,1.0,-0.22448979591836735,1.0,0.0,0.01024870000037481,0.00010280000060447492,37579.09481362115
PC1 defects,Software,4,1109,21,0.0,0.06943192064923355,0.16452442159383032,0.14862208626001697,195,22,0.8121387283236995,0.8045191802417238,-0.0076195480819757355,0.28533893851812925,0.1676300578034682,0.18076720966894377,0.37861271676300573,0.8347346295323175,0.02040816326530612,0.02040816326530612,0.04081632653061224,0.08163265306122448,0.3988931818512902,0.11282051282051282,0.12571428571428572,0.1346153846153846,0.14705882352941177,-0.07443519637960175,1.0,-0.20408163265306123,1.0,0.0,0.008034399999814923,6.649999886576552e-05,48019.35588185911
PC1 defects,Software,5,1109,21,0.0,0.06943192064923355,0.16709511568123395,0.15119907425418033,196,20,0.484090909090909,0.6210227272727272,0.1369318181818182,0.2974431818181818,0.4133522727272727,0.4471590909090909,0.4258522727272727,0.7917613636363636,0.0,0.06,0.061224489795918366,0.06,0.06428258252752246,0.10204081632653061,0.11363636363636363,0.1282051282051282,0.1386861313868613,-0.06430626355992801,0.998,-0.1836734693877551,1.0,0.0,0.009054899999682675,0.00011640000047918875,42414.92481906977
PC1 defects,Software,6,1109,21,0.0,0.06943192064923355,0.22879177377892032,0.16902917744148208,195,28,0.7262617621899058,0.7168520102651839,-0.009409751924721932,0.38686911890504705,0.25641573994867406,0.2730966638152267,0.5551753635585971,0.7730966638152267,0.08163265306122448,0.08163265306122448,0.08163265306122448,0.16326530612244897,0.2705273976482775,0.14358974358974358,0.13714285714285715,0.15384615384615385,0.17647058823529413,-0.04819462419431965,0.968,-0.14285714285714285,1.0,0.0,0.00684720000026573,7.950000144774094e-05,56159.49873731681
PC1 defects,Software,7,1109,21,0.0,0.06943192064923355,0.19794344473007713,0.1559810326902074,195,25,0.6541176470588236,0.6567058823529413,0.002588235294117669,0.35294117647058826,0.31811764705882356,0.36494117647058827,0.5792941176470588,0.7056470588235295,0.02040816326530612,0.061224489795918366,0.08163265306122448,0.22448979591836735,0.03089229295074326,0.1282051282051282,0.14285714285714285,0.16025641025641027,0.16911764705882354,-0.05694168627283287,0.99,-0.14285714285714285,1.0,0.0,0.01059970000096655,0.00010619999920891132,36335.104941539204
PC1 defects,Software,8,1109,21,0.0,0.06943192064923355,0.18766066838046272,0.15522895587119148,195,24,0.5177875243664718,0.5570175438596492,0.03923001949317739,0.3491715399610137,0.38182261208577,0.405214424951267,0.5326510721247564,0.75,0.02040816326530612,0.061224489795918366,0.061224489795918366,0.14285714285714285,-0.012130736810757266,0.12307692307692308,0.13714285714285715,0.15384615384615385,0.15441176470588236,-0.05639376820643179,0.996,-0.1836734693877551,1.0,0.0,0.008601499999713269,8.259999958681874e-05,44794.50950948886
PC1 defects,Software,9,1109,21,0.0,0.06943192064923355,0.20822622107969152,0.1651958021240054,195,31,0.8094020456333595,0.7856018882769472,-0.023800157356412277,0.34146341463414637,0.17879622344610543,0.1742722265932337,0.4868214004720693,0.8587726199842644,0.04081632653061224,0.02040816326530612,0.02040816326530612,0.16,0.2501138996404575,0.15897435897435896,0.17142857142857143,0.1858974358974359,0.21323529411764705,-0.07342935421756291,1.0,-0.163265306122449,1.0,0.0,0.007507899999836809,7.019999975454994e-05,51332.12810875766
KC1 defects,Software,0,2109,21,0.0,0.15457562825983878,0.2679296346414073,0.17466237828802544,370,41,0.7270368448365336,0.7345244273111425,0.0074875824746089,0.4685299132626585,0.2396767736674327,0.2306323671139447,0.587664022536882,0.7252576173178144,0.11764705882352941,0.02912621359223301,0.03636363636363636,0.25806451612903225,0.15321095729763454,0.11081081081081082,0.0960960960960961,0.09797297297297297,0.11196911196911197,-0.010756913571585485,0.72,-0.019105077928607356,1.0,0.0,0.007032999999864842,8.66999998834217e-05,103796.50828351326
KC1 defects,Software,1,2109,21,0.0,0.15457562825983878,0.2598105548037889,0.16744046603270893,370,41,0.7751871895618652,0.7497590629401735,-0.025428126621691693,0.33783082511676177,0.18830157906442288,0.21017125064867667,0.6286603899473644,0.5735784713470234,0.09401709401709402,0.015625,0.031914893617021274,0.23958333333333334,-0.0092911403122002,0.11081081081081082,0.0990990990990991,0.10472972972972973,0.11583011583011583,-0.0554588831676938,1.0,-0.14705433455433456,1.0,0.0,0.006330000000161817,0.00011049999920942355,114742.64421584434
KC1 defects,Software,2,2109,21,0.0,0.15457562825983878,0.2733423545331529,0.1742099983736268,370,41,0.6722143969160057,0.6647268144413967,-0.007487582474609011,0.5005560085995997,0.26228779005115277,0.3020980057824894,0.5222774112239602,0.7324486618726368,0.1276595744680851,0.07446808510638298,0.09574468085106383,0.1276595744680851,0.31067011798613847,0.11081081081081082,0.0990990990990991,0.10472972972972973,0.09266409266409266,0.00019013820831192903,0.478,-0.003487966515521468,1.0,0.0,0.00683500000013737,8.779999916441739e-05,106748.71440378652
KC1 defects,Software,3,2109,21,0.0,0.15457562825983878,0.2855209742895805,0.18018937701387452,370,43,0.585449114572221,0.5769148709195647,-0.008534243652656315,0.5026313917929023,0.3268970912452884,0.3101130787283977,0.5786572789986487,0.6454377355806843,0.11827956989247312,0.058333333333333334,0.02962962962962963,0.15625,0.16038441753627844,0.11621621621621622,0.1021021021021021,0.11148648648648649,0.10810810810810811,0.0009377238090208796,0.506,-0.027174975562072323,1.0,0.0,0.005749300000388757,8.320000051753595e-05,126703.814811002
KC1 defects,Software,4,2109,21,0.0,0.15457562825983878,0.2530446549391069,0.17205991062716766,372,41,0.7582344705622283,0.782698401002137,0.024463930439908688,0.5136688527006116,0.21848058359737677,0.3173679168815857,0.472625451330042,0.751381622577555,0.17204301075268819,0.024390243902439025,0.05825242718446602,0.16842105263157894,-0.07156923326501076,0.11021505376344086,0.09281437125748503,0.08754208754208755,0.09230769230769231,0.004649995537465488,0.394,0.013627169168529768,1.0,0.0,0.010226000000329805,7.709999954386149e-05,71725.98538391954
KC1 defects,Software,5,2109,21,0.0,0.15457562825983878,0.2774018944519621,0.178157197694148,370,46,0.7947195383789587,0.7877415458937198,-0.006977992485238893,0.4548107890499195,0.2036701556629093,0.2179616210413312,0.595108695652174,0.5968531937734836,0.16666666666666666,0.06451612903225806,0.07216494845360824,0.23157894736842105,-0.021746307184889953,0.12432432432432433,0.1111111111111111,0.10472972972972973,0.10424710424710425,-0.017069800414355435,0.836,0.00512820512820511,1.0,0.0,0.006560099998750957,8.279999929072801e-05,111246.5941407903
KC1 defects,Software,6,2109,21,0.0,0.15457562825983878,0.2963464140730717,0.18336077711681806,370,46,0.665492485238862,0.7097088030059044,0.04421631776704249,0.4814479334406871,0.26398953301127215,0.2691559312936125,0.5582058507783146,0.7034688674181429,0.16842105263157894,0.053763440860215055,0.045454545454545456,0.168141592920354,0.20280375287045424,0.12432432432432433,0.10810810810810811,0.10810810810810811,0.10810810810810811,-0.007008696594784646,0.664,-0.00633622892181912,1.0,0.0,0.0055941999999049585,0.00015130000065255444,128622.40012675857
KC1 defects,Software,7,2109,21,0.0,0.15457562825983878,0.2855209742895805,0.18173215546586483,370,54,0.7529301453352085,0.7396272855133615,-0.01330285982184698,0.4781704172526957,0.2213724800750117,0.22600210970464138,0.6448370839193623,0.6198722456633848,0.20430107526881722,0.017241379310344827,0.009615384615384616,0.3118279569892473,-0.160821751290367,0.14594594594594595,0.13513513513513514,0.12837837837837837,0.1274131274131274,-0.009435876865663434,0.69,0.006102877070619017,1.0,0.0,0.00866189999942435,8.25000006443588e-05,84511.23004370721
KC1 defects,Software,8,2109,21,0.0,0.15457562825983878,0.2435723951285521,0.16041896035293557,371,31,0.7606261859582543,0.7637571157495257,0.0031309297912713863,0.5297438330170778,0.18363377609108159,0.16750474383301706,0.6821157495256166,0.6112428842504745,0.11382113821138211,0.02127659574468085,0.0,0.22340425531914893,-0.18735905488877974,0.08355795148247978,0.07207207207207207,0.060810810810810814,0.0694980694980695,0.00790405340440477,0.304,0.010372862349313144,1.0,0.0,0.007733200000075158,8.100000013655517e-05,94571.42125617185
KC1 defects,Software,9,2109,21,0.0,0.15457562825983878,0.2746955345060893,0.1758662634808229,370,49,0.7791340835399581,0.7748108589230085,-0.004323224616949561,0.5150359209104203,0.24197342488397228,0.24388072986203826,0.6514718036747409,0.6458770424057473,0.2,0.05263157894736842,0.043010752688172046,0.20430107526881722,0.030919844585783857,0.13243243243243244,0.13213213213213212,0.12162162162162163,0.10424710424710425,0.0059932199886645905,0.356,0.049206349206349226,1.0,0.0,0.0058482000004005386,9.399999908055179e-05,124364.71341666959
Electricity,Market,0,45312,8,0.125,0.4245453742937853,0.23865069356872637,0.1655464732565857,7930,978,0.6491907111810815,0.6490236291626367,-0.00016708201844484183,0.5803474776498384,0.5971553992201271,0.5775479713654366,0.6439913129116747,0.385333199197065,0.15481593545133637,0.17196167423096317,0.15632879475542108,0.19162884518406456,0.0618335046716191,0.12332912988650693,0.1179767409275606,0.11270491803278689,0.10754818951540263,0.03009297453085312,0.002,0.07060010085728695,1.0,1.0,0.0393039000009594,0.003911800000423682,366996.2536645805
Electricity,Market,1,45312,8,0.125,0.4245453742937853,0.24129886506935688,0.1680206380480286,7930,1056,0.6482436012731329,0.648245667689405,2.0664162720951396e-06,0.5800165974554976,0.6019911436153799,0.5852898162597756,0.6437496969256136,0.37548216379682775,0.16742309631870902,0.1815431164901664,0.16792738275340394,0.20675743822491174,0.08416633728583908,0.13316519546027744,0.1273644388398487,0.1235813366960908,0.11763646189875698,0.0319961539531466,0.002,0.08623298033282904,1.0,1.0,0.030855000000883592,0.004114299999855575,453540.6770986196
Electricity,Market,2,45312,8,0.125,0.4245453742937853,0.24382093316519546,0.16915305065647018,7930,1085,0.6486132364772296,0.6483170129900732,-0.00029622348715641067,0.5735765956515738,0.6011817970667142,0.5812086591511176,0.643912573677177,0.37135074543967306,0.1714573877962683,0.19465456379223398,0.18406454866364094,0.210791729702471,0.07414182359221702,0.13682219419924338,0.1294661622530475,0.12641866330390922,0.12304089353269682,0.0301014302905371,0.002,0.07614725163893092,1.0,1.0,0.042385899998407695,0.005673199999364442,330010.3414490745
Electricity,Market,3,45312,8,0.125,0.4245453742937853,0.24312736443883984,0.16762538859964166,7930,1047,0.6634802381904894,0.6629790240783981,-0.0005012141120912528,0.5824815676845115,0.6026017341841763,0.5827547932068559,0.6603186483981616,0.36052114611515357,0.1714573877962683,0.18860312657589512,0.17196167423096317,0.21633888048411498,0.09221033238583798,0.13203026481715005,0.12708420905142218,0.12153215636822194,0.11637542785083768,0.03274353844508463,0.002,0.08623298033282906,1.0,1.0,0.038277300000117975,0.0025985000011132797,388004.63842963974
Electricity,Market,4,45312,8,0.125,0.4245453742937853,0.2407313997477932,0.16630441757649683,7930,1015,0.6661132898069093,0.6656596461608055,-0.00045364364610378516,0.5926103387723554,0.6115505309012677,0.589070379591735,0.6624062062554097,0.3583146511652758,0.16944024205748864,0.18507312153303077,0.16742309631870902,0.2042360060514372,0.0954043744941765,0.12799495586380832,0.122040072859745,0.11569987389659521,0.11115114393802919,0.035806506560450785,0.002,0.09430156328794755,1.0,1.0,0.036692400000902126,0.003830999999991036,391378.8082848536
Electricity,Market,5,45312,8,0.125,0.4245453742937853,0.23770491803278687,0.16628080020278,7930,1010,0.6381962170205459,0.6375443541463974,-0.0006518628741484234,0.5735705087849826,0.5770281291134893,0.554986264522406,0.6381372689292051,0.38408143993590105,0.15582450832072617,0.17246596066565809,0.1487644982349975,0.19011598587997983,0.08486290731915787,0.1273644388398487,0.1223203026481715,0.12042875157629256,0.11439380291839309,0.028325362695414937,0.002,0.06253151790216843,1.0,1.0,0.031080099999599042,0.0025420000001759036,471713.54555801576
Electricity,Market,6,45312,8,0.125,0.4245453742937853,0.2383984867591425,0.16690476842880775,7930,1048,0.6474623478440272,0.646381422052439,-0.0010809257915882498,0.5850623154550758,0.5928810027708082,0.5706258000181911,0.6444116025653823,0.3762055733398999,0.1669188098840141,0.17902168431669188,0.16288451840645488,0.20121028744326777,0.07268708433280043,0.132156368221942,0.12750455373406194,0.12373896595208071,0.11601513240857503,0.03379538537202848,0.002,0.08472012102874432,1.0,1.0,0.029086200000165263,0.0029056999992462806,495750.4868511007
Electricity,Market,7,45312,8,0.125,0.4245453742937853,0.24766708701134932,0.16986183352363374,7930,1084,0.6481202695462538,0.6498810682672996,0.001760798721045842,0.5930950063225435,0.5976329000800963,0.5821595124364916,0.6441375522431824,0.38663081196981997,0.17700453857791226,0.18709026727181038,0.16944024205748864,0.2168431669188099,0.07640711411851779,0.13669609079445144,0.1294661622530475,0.12547288776796975,0.11961808683120159,0.03805719842552231,0.002,0.09531013615733738,1.0,1.0,0.037965199999234756,0.003829100000075414,379477.58427014627
Electricity,Market,8,45312,8,0.125,0.4245453742937853,0.24274905422446405,0.16804333361645665,7930,1034,0.6425910010905321,0.641940833022928,-0.0006501680676040955,0.5822952054733044,0.5939546150152359,0.575635751053508,0.6389197112558171,0.3796506089926266,0.16843166918809885,0.18356026222894603,0.16238023197175996,0.19213313161875945,0.08296843269902658,0.130390920554855,0.12610340479192939,0.11869482976040353,0.1151143938029184,0.03232485439636711,0.002,0.08371154815935453,1.0,1.0,0.046721099999558646,0.00597379999999248,300977.8934988984
Electricity,Market,9,45312,8,0.125,0.4245453742937853,0.2442622950819672,0.1675403398438348,7930,1042,0.6577560685807022,0.6577790577398507,2.298915914844546e-05,0.5787127910009564,0.5908631885880142,0.573738076289455,0.6566759960854338,0.3642795281119798,0.16591023701462432,0.1800302571860817,0.1664145234493192,0.2037317196167423,0.06700374529680968,0.1313997477931904,0.1276446686282752,0.12263556116015133,0.11601513240857503,0.031120776251920352,0.002,0.08673726676752397,1.0,1.0,0.0333639000000403,0.0027881000005436363,438703.25292497856
Magic telescope,Physics,0,19020,10,0.0,0.3516298633017876,0.21330929848280006,0.15796549114673336,3329,427,0.5670086203974648,0.7205496653361889,0.1535410449387241,0.7097826420283516,0.43611367110141275,0.4660962237139209,0.5367573360534688,0.6357910316231881,0.2929171668667467,0.0744297719087635,0.10084033613445378,0.14165666266506602,0.3108603004844212,0.12826674677080205,0.09746328437917223,0.07698084866691701,0.07081545064377683,0.08125662167409042,0.002,0.21488595438175268,1.0,1.0,0.007849100000385079,0.000375599998733378,809391.2240827646
Magic telescope,Physics,1,19020,10,0.0,0.3516298633017876,0.21150668469280456,0.15552186522594627,3329,393,0.5952369809541638,0.7194777821688819,0.12424080121471814,0.709731264429977,0.42989804549646055,0.4663352538635938,0.5745176141051508,0.6051299651253891,0.2785114045618247,0.06362545018007203,0.08403361344537816,0.15366146458583432,0.2509669880403623,0.11805346951036347,0.08845126835781042,0.06947052196770559,0.0648068669527897,0.07564413571454628,0.002,0.2064825930372149,1.0,1.0,0.014919900000677444,0.0006692999995721038,427026.40288747574
Magic telescope,Physics,2,19020,10,0.0,0.3516298633017876,0.21556256572029442,0.15840960333596105,3329,426,0.5895059182746034,0.7367471564950618,0.14724123822045843,0.7313908713505051,0.44132183155194804,0.4707563326912907,0.5668290371462903,0.6283664785821371,0.3205282112845138,0.06722689075630252,0.09723889555822329,0.15846338535414164,0.3001670554108645,0.1279663562631421,0.0917890520694259,0.07134810364250845,0.06351931330472103,0.08944703265365894,0.002,0.2533013205282113,1.0,1.0,0.012668700001086108,0.0023111000009521376,444398.4565277378
Magic telescope,Physics,3,19020,10,0.0,0.3516298633017876,0.2199188823794502,0.1582379793984034,3329,406,0.5557991738698854,0.7150146030547603,0.15921542918487486,0.7162465514713442,0.45913251282085854,0.49235888629166674,0.5483425996302469,0.6272462835099238,0.29891956782713086,0.07082833133253301,0.09843937575030012,0.13805522208883553,0.29628650799542167,0.12195854610994293,0.09279038718291055,0.07022155463762673,0.06437768240343347,0.08021713488140803,0.002,0.23169267707082836,1.0,1.0,0.01353680000102031,0.0007404999996651895,466264.62984460476
Magic telescope,Physics,4,19020,10,0.0,0.3516298633017876,0.21165690250863753,0.15621724733964432,3329,414,0.5801824645138837,0.7390649729452027,0.15888250843131901,0.7300171526586621,0.4419577232538676,0.4803249890206412,0.5616219620321343,0.6242432528732775,0.29891956782713086,0.07322929171668667,0.10324129651860744,0.148859543817527,0.2796015897100136,0.12436167017122259,0.09078771695594126,0.06834397296282388,0.06437768240343347,0.08676869223853899,0.002,0.23529411764705882,1.0,1.0,0.014488500000879867,0.0010956999994959915,427163.4090835235
Magic telescope,Physics,5,19020,10,0.0,0.3516298633017876,0.21255820940363526,0.1548313552071443,3329,394,0.6048962720189556,0.7338648725775906,0.12896860055863502,0.7196447565267773,0.4537266839042192,0.48983215005318276,0.5850604034970901,0.6097778431152121,0.2809123649459784,0.06722689075630252,0.1092436974789916,0.14405762304921968,0.29301104444359716,0.11835386001802344,0.08644859813084112,0.06759294029290275,0.061373390557939916,0.0793941368323229,0.002,0.21248499399759901,1.0,1.0,0.010906100000283914,0.0006001999990985496,578552.6190310767
Magic telescope,Physics,6,19020,10,0.0,0.3516298633017876,0.21255820940363526,0.15629850283668428,3329,415,0.5891268574641737,0.7428211128660145,0.15369425540184078,0.7300377901447934,0.4509141576601533,0.4739884727654613,0.5748484673078036,0.6148795594181806,0.290516206482593,0.08403361344537816,0.10804321728691477,0.14645858343337334,0.29672111010745383,0.12466206067888255,0.09145527369826435,0.07209913631242959,0.06781115879828326,0.08695606756776435,0.002,0.23529411764705882,1.0,1.0,0.011828000000605243,0.0005648000005749054,537166.7419280601
Magic telescope,Physics,7,19020,10,0.0,0.3516298633017876,0.2160132191677933,0.1576754412267573,3329,439,0.606340298413349,0.7220420742328821,0.11570177581953311,0.7099211009608184,0.4301991786933184,0.4565653301384871,0.5812084715971342,0.6062567489812486,0.29891956782713086,0.061224489795918366,0.09723889555822329,0.17406962785114047,0.2531946113376105,0.13187143286272154,0.10080106809078772,0.08111152835148329,0.07339055793991417,0.08324949405678372,0.002,0.22088835534213686,1.0,1.0,0.012979000000996166,0.00040749999971012585,497292.04793252656
Magic telescope,Physics,8,19020,10,0.0,0.3516298633017876,0.21616343698362625,0.1567705014302032,3329,411,0.5785893080785594,0.7219781905748195,0.14338888249626014,0.7170277945931705,0.45728501173186314,0.4925664847268985,0.5693489024412615,0.6128835368690685,0.29891956782713086,0.07202881152460984,0.10684273709483794,0.14645858343337334,0.29500774095156135,0.12346049864824271,0.0897863818424566,0.07022155463762673,0.06609442060085836,0.0813591141785524,0.002,0.22689075630252103,1.0,1.0,0.011535499999808962,0.0004255999992892612,556554.1631206066
Magic telescope,Physics,9,19020,10,0.0,0.3516298633017876,0.2184167042211206,0.1580562899551118,3329,419,0.5887819960796857,0.748665206800679,0.15988321072099332,0.7421556807650354,0.452697061404588,0.488130797431292,0.5850240713858065,0.6260577877289243,0.3085234093637455,0.08163265306122448,0.11524609843937575,0.16206482593037214,0.2834712060462087,0.12586362270952237,0.0911214953271028,0.06871948929778446,0.06394849785407725,0.09229214826175894,0.002,0.25090036014405764,1.0,1.0,0.013474499999574618,0.000554599999304628,474513.6894406493
