dataset,openml_name,openml_version,seed,method,top_quartile_error,error_auc,mean_score
Diabetes,diabetes,1,0,SEF conflict,0.17647058823529413,0.6764705882352942,0.26357400450751745
Diabetes,diabetes,1,0,Attribution entropy,0.17647058823529413,0.6530408773678963,0.7510973253612856
Diabetes,diabetes,1,0,Attribution Gini spread,0.17647058823529413,0.627617148554337,0.7190524835085285
Diabetes,diabetes,1,0,Low confidence,0.23529411764705882,0.6704885343968096,0.11897518151215421
Diabetes,diabetes,1,0,SEF-entropy rank correlation,0.2969271290605795,,
Diabetes,diabetes,1,1,SEF conflict,0.17647058823529413,0.5781101614434948,0.26143202711004254
Diabetes,diabetes,1,1,Attribution entropy,0.14705882352941177,0.5712250712250713,0.6990531783165096
Diabetes,diabetes,1,1,Attribution Gini spread,0.11764705882352941,0.5550807217473885,0.6907398637239177
Diabetes,diabetes,1,1,Low confidence,0.20588235294117646,0.6452991452991453,0.1339408765973955
Diabetes,diabetes,1,1,SEF-entropy rank correlation,0.06496518590359476,,
Diabetes,diabetes,1,2,SEF conflict,0.11764705882352941,0.5898109243697479,0.2995707710918062
Diabetes,diabetes,1,2,Attribution entropy,0.17647058823529413,0.592436974789916,0.7030239861561433
Diabetes,diabetes,1,2,Attribution Gini spread,0.17647058823529413,0.5987394957983193,0.6803478517480599
Diabetes,diabetes,1,2,Low confidence,0.20588235294117646,0.5262605042016807,0.11712017838848451
Diabetes,diabetes,1,2,SEF-entropy rank correlation,0.2320581309851142,,
Diabetes,diabetes,1,3,SEF conflict,0.08823529411764706,0.6128625472887768,0.2680126179075958
Diabetes,diabetes,1,3,Attribution entropy,0.08823529411764706,0.48612862547288777,0.7036369431295116
Diabetes,diabetes,1,3,Attribution Gini spread,0.029411764705882353,0.44829760403530894,0.6755837822833826
Diabetes,diabetes,1,3,Low confidence,0.17647058823529413,0.5863808322824716,0.13078095120879035
Diabetes,diabetes,1,3,SEF-entropy rank correlation,0.07605852606888651,,
Diabetes,diabetes,1,4,SEF conflict,0.17647058823529413,0.5703942075623492,0.2848551923495746
Diabetes,diabetes,1,4,Attribution entropy,0.20588235294117646,0.48632341110217214,0.6970176277450989
Diabetes,diabetes,1,4,Attribution Gini spread,0.17647058823529413,0.48390989541432017,0.6717285150721314
Diabetes,diabetes,1,4,Low confidence,0.11764705882352941,0.41069991954947704,0.11117615296479624
Diabetes,diabetes,1,4,SEF-entropy rank correlation,0.19530289727831432,,
Diabetes,diabetes,1,5,SEF conflict,0.23529411764705882,0.676043557168784,0.2957056536216268
Diabetes,diabetes,1,5,Attribution entropy,0.20588235294117646,0.6492740471869328,0.7303003369755897
Diabetes,diabetes,1,5,Attribution Gini spread,0.17647058823529413,0.6034482758620688,0.6965878658588754
Diabetes,diabetes,1,5,Low confidence,0.29411764705882354,0.6647005444646097,0.12659886852622212
Diabetes,diabetes,1,5,SEF-entropy rank correlation,0.20148765974051314,,
Diabetes,diabetes,1,6,SEF conflict,0.08823529411764706,0.6088,0.30167013371267487
Diabetes,diabetes,1,6,Attribution entropy,0.11764705882352941,0.5416,0.7345887400271833
Diabetes,diabetes,1,6,Attribution Gini spread,0.11764705882352941,0.5312,0.6989433373265214
Diabetes,diabetes,1,6,Low confidence,0.08823529411764706,0.4824,0.1377191314362594
Diabetes,diabetes,1,6,SEF-entropy rank correlation,0.11559360062432936,,
Diabetes,diabetes,1,7,SEF conflict,0.20588235294117646,0.6184782608695651,0.23072212953509583
Diabetes,diabetes,1,7,Attribution entropy,0.11764705882352941,0.4965217391304348,0.6571166980090932
Diabetes,diabetes,1,7,Attribution Gini spread,0.11764705882352941,0.47434782608695647,0.6608058367487651
Diabetes,diabetes,1,7,Low confidence,0.2647058823529412,0.62,0.11768962378782294
Diabetes,diabetes,1,7,SEF-entropy rank correlation,-0.0011121340912153168,,
Diabetes,diabetes,1,8,SEF conflict,0.20588235294117646,0.5849056603773586,0.3041836543890595
Diabetes,diabetes,1,8,Attribution entropy,0.3235294117647059,0.48243331164606384,0.6831327050509285
Diabetes,diabetes,1,8,Attribution Gini spread,0.17647058823529413,0.45608327911515945,0.6527011913092994
Diabetes,diabetes,1,8,Low confidence,0.20588235294117646,0.4690956408588159,0.08642571876018541
Diabetes,diabetes,1,8,SEF-entropy rank correlation,0.07418300653594771,,
Diabetes,diabetes,1,9,SEF conflict,0.20588235294117646,0.7118537200504413,0.2580532531698973
Diabetes,diabetes,1,9,Attribution entropy,0.17647058823529413,0.5958385876418664,0.7041915850926406
Diabetes,diabetes,1,9,Attribution Gini spread,0.14705882352941177,0.6015132408575032,0.6814765360030025
Diabetes,diabetes,1,9,Low confidence,0.17647058823529413,0.6292559899117277,0.13528911375028624
Diabetes,diabetes,1,9,SEF-entropy rank correlation,0.2235879426397425,,
Diabetes,diabetes,1,10,SEF conflict,0.08823529411764706,0.6257378984651711,0.29465030384867774
Diabetes,diabetes,1,10,Attribution entropy,0.08823529411764706,0.4787485242030696,0.731358558892117
Diabetes,diabetes,1,10,Attribution Gini spread,0.08823529411764706,0.475206611570248,0.6982057191368835
Diabetes,diabetes,1,10,Low confidence,0.17647058823529413,0.564935064935065,0.12851224780149315
Diabetes,diabetes,1,10,SEF-entropy rank correlation,0.12715344844405424,,
Diabetes,diabetes,1,11,SEF conflict,0.17647058823529413,0.64281210592686,0.21716671406379978
Diabetes,diabetes,1,11,Attribution entropy,0.11764705882352941,0.49810844892812106,0.652916078793646
Diabetes,diabetes,1,11,Attribution Gini spread,0.11764705882352941,0.4829760403530895,0.6404051527444828
Diabetes,diabetes,1,11,Low confidence,0.17647058823529413,0.684110970996217,0.13240889301754954
Diabetes,diabetes,1,11,SEF-entropy rank correlation,0.17188611362605896,,
Diabetes,diabetes,1,12,SEF conflict,0.14705882352941177,0.5431206380857428,0.2675570659681777
Diabetes,diabetes,1,12,Attribution entropy,0.14705882352941177,0.5458624127617149,0.7522793108118346
Diabetes,diabetes,1,12,Attribution Gini spread,0.14705882352941177,0.518444666001994,0.7261011146745188
Diabetes,diabetes,1,12,Low confidence,0.23529411764705882,0.6405782652043869,0.14282695058685563
Diabetes,diabetes,1,12,SEF-entropy rank correlation,0.189057395690068,,
Diabetes,diabetes,1,13,SEF conflict,0.17647058823529413,0.654936974789916,0.2919687513704552
Diabetes,diabetes,1,13,Attribution entropy,0.14705882352941177,0.49737394957983194,0.7487202273673308
Diabetes,diabetes,1,13,Attribution Gini spread,0.14705882352941177,0.4915966386554622,0.7212293726162207
Diabetes,diabetes,1,13,Low confidence,0.14705882352941177,0.47794117647058826,0.1145757996751034
Diabetes,diabetes,1,13,SEF-entropy rank correlation,0.11583804428020089,,
Diabetes,diabetes,1,14,SEF conflict,0.14705882352941177,0.6027154663518299,0.29744893089678215
Diabetes,diabetes,1,14,Attribution entropy,0.17647058823529413,0.58913813459268,0.7119828024807795
Diabetes,diabetes,1,14,Attribution Gini spread,0.17647058823529413,0.5737898465171193,0.6749058225976806
Diabetes,diabetes,1,14,Low confidence,0.20588235294117646,0.6204250295159386,0.14857353779950142
Diabetes,diabetes,1,14,SEF-entropy rank correlation,0.09693456362138171,,
Diabetes,diabetes,1,15,SEF conflict,0.11764705882352941,0.6115702479338843,0.282270868952263
Diabetes,diabetes,1,15,Attribution entropy,0.08823529411764706,0.4020070838252656,0.743586355492104
Diabetes,diabetes,1,15,Attribution Gini spread,0.08823529411764706,0.36658795749704837,0.7178573257148932
Diabetes,diabetes,1,15,Low confidence,0.17647058823529413,0.5950413223140496,0.13835599668684695
Diabetes,diabetes,1,15,SEF-entropy rank correlation,0.10489964991185477,,
Diabetes,diabetes,1,16,SEF conflict,0.20588235294117646,0.674264007597341,0.34821660373693
Diabetes,diabetes,1,16,Attribution entropy,0.17647058823529413,0.4985754985754986,0.7382424326245426
Diabetes,diabetes,1,16,Attribution Gini spread,0.17647058823529413,0.47768281101614435,0.696441456175115
Diabetes,diabetes,1,16,Low confidence,0.2647058823529412,0.5968660968660968,0.13900334831185912
Diabetes,diabetes,1,16,SEF-entropy rank correlation,0.01594966344746854,,
Diabetes,diabetes,1,17,SEF conflict,0.20588235294117646,0.644736842105263,0.2960945595544339
Diabetes,diabetes,1,17,Attribution entropy,0.14705882352941177,0.4355716878402904,0.705451235694104
Diabetes,diabetes,1,17,Attribution Gini spread,0.11764705882352941,0.4274047186932849,0.6771323328509461
Diabetes,diabetes,1,17,Low confidence,0.17647058823529413,0.4872958257713249,0.11660269804610651
Diabetes,diabetes,1,17,SEF-entropy rank correlation,0.04662471953955712,,
Diabetes,diabetes,1,18,SEF conflict,0.17647058823529413,0.6848739495798319,0.3340561699013947
Diabetes,diabetes,1,18,Attribution entropy,0.11764705882352941,0.5089285714285714,0.7750393358291839
Diabetes,diabetes,1,18,Attribution Gini spread,0.08823529411764706,0.4947478991596639,0.723551478357987
Diabetes,diabetes,1,18,Low confidence,0.23529411764705882,0.6654411764705883,0.14215975478494786
Diabetes,diabetes,1,18,SEF-entropy rank correlation,0.07893864013267,,
Diabetes,diabetes,1,19,SEF conflict,0.17647058823529413,0.6407563025210085,0.2934600108300217
Diabetes,diabetes,1,19,Attribution entropy,0.14705882352941177,0.5078781512605042,0.7157081295678842
Diabetes,diabetes,1,19,Attribution Gini spread,0.11764705882352941,0.48266806722689076,0.6776066878735668
Diabetes,diabetes,1,19,Low confidence,0.17647058823529413,0.626575630252101,0.13838623914582618
Diabetes,diabetes,1,19,SEF-entropy rank correlation,0.13413098006421548,,
Diabetes,diabetes,1,20,SEF conflict,0.14705882352941177,0.6916771752837327,0.25244034937513476
Diabetes,diabetes,1,20,Attribution entropy,0.14705882352941177,0.6040353089533418,0.7022433837327878
Diabetes,diabetes,1,20,Attribution Gini spread,0.14705882352941177,0.5907944514501892,0.6866403334910146
Diabetes,diabetes,1,20,Low confidence,0.20588235294117646,0.7389659520807063,0.14828696589426144
Diabetes,diabetes,1,20,SEF-entropy rank correlation,0.10500438981562775,,
Diabetes,diabetes,1,21,SEF conflict,0.11764705882352941,0.5754985754985755,0.31363251816826093
Diabetes,diabetes,1,21,Attribution entropy,0.23529411764705882,0.5479582146248814,0.7352317902912678
Diabetes,diabetes,1,21,Attribution Gini spread,0.14705882352941177,0.5023741690408356,0.6985833104123752
Diabetes,diabetes,1,21,Low confidence,0.14705882352941177,0.576923076923077,0.13782543892363053
Diabetes,diabetes,1,21,SEF-entropy rank correlation,0.11330114135206323,,
Diabetes,diabetes,1,22,SEF conflict,0.14705882352941177,0.5397225725094578,0.24112115823377903
Diabetes,diabetes,1,22,Attribution entropy,0.058823529411764705,0.4117276166456494,0.6663455413986252
Diabetes,diabetes,1,22,Attribution Gini spread,0.058823529411764705,0.3909205548549811,0.6495710301515955
Diabetes,diabetes,1,22,Low confidence,0.11764705882352941,0.5838587641866331,0.11153131412825462
Diabetes,diabetes,1,22,SEF-entropy rank correlation,0.0011559847819724905,,
Diabetes,diabetes,1,23,SEF conflict,0.17647058823529413,0.7408500590318772,0.2839023873734498
Diabetes,diabetes,1,23,Attribution entropy,0.17647058823529413,0.5926800472255018,0.7068154702937481
Diabetes,diabetes,1,23,Attribution Gini spread,0.14705882352941177,0.5501770956316411,0.6827671898724798
Diabetes,diabetes,1,23,Low confidence,0.20588235294117646,0.7402597402597403,0.15917911172298405
Diabetes,diabetes,1,23,SEF-entropy rank correlation,0.051702272948980596,,
Diabetes,diabetes,1,24,SEF conflict,0.29411764705882354,0.6844466600199403,0.31461439150360004
Diabetes,diabetes,1,24,Attribution entropy,0.14705882352941177,0.5094715852442672,0.7608246627093419
Diabetes,diabetes,1,24,Attribution Gini spread,0.14705882352941177,0.5069790628115654,0.7221218889491459
Diabetes,diabetes,1,24,Low confidence,0.17647058823529413,0.648554336989033,0.13546592069180532
Diabetes,diabetes,1,24,SEF-entropy rank correlation,0.28799141547166135,,
Diabetes,diabetes,1,25,SEF conflict,0.23529411764705882,0.6204347826086957,0.23979139570890806
Diabetes,diabetes,1,25,Attribution entropy,0.17647058823529413,0.4917391304347826,0.695687676914324
Diabetes,diabetes,1,25,Attribution Gini spread,0.14705882352941177,0.4769565217391304,0.69018011562561
Diabetes,diabetes,1,25,Low confidence,0.2647058823529412,0.6682608695652174,0.11525698888228993
Diabetes,diabetes,1,25,SEF-entropy rank correlation,0.021027216856892014,,
Diabetes,diabetes,1,26,SEF conflict,0.2647058823529412,0.6584084084084084,0.27068413254846935
Diabetes,diabetes,1,26,Attribution entropy,0.14705882352941177,0.5015015015015015,0.7284464803998859
Diabetes,diabetes,1,26,Attribution Gini spread,0.17647058823529413,0.48123123123123124,0.7017834835853346
Diabetes,diabetes,1,26,Low confidence,0.3235294117647059,0.5987237237237237,0.1108645915081241
Diabetes,diabetes,1,26,SEF-entropy rank correlation,-0.005784808536742834,,
Diabetes,diabetes,1,27,SEF conflict,0.14705882352941177,0.555333998005982,0.22071780916340203
Diabetes,diabetes,1,27,Attribution entropy,0.20588235294117646,0.5284147557328016,0.6997136561007035
Diabetes,diabetes,1,27,Attribution Gini spread,0.14705882352941177,0.5294117647058824,0.6858831790217346
Diabetes,diabetes,1,27,Low confidence,0.20588235294117646,0.6216350947158524,0.13074188507589155
Diabetes,diabetes,1,27,SEF-entropy rank correlation,-0.0315629283143366,,
Diabetes,diabetes,1,28,SEF conflict,0.20588235294117646,0.6556521739130434,0.2955780547598141
Diabetes,diabetes,1,28,Attribution entropy,0.29411764705882354,0.682608695652174,0.7695718445100702
Diabetes,diabetes,1,28,Attribution Gini spread,0.2647058823529412,0.6739130434782609,0.7276237295706955
Diabetes,diabetes,1,28,Low confidence,0.17647058823529413,0.6147826086956522,0.1205662213537219
Diabetes,diabetes,1,28,SEF-entropy rank correlation,0.2258365037557312,,
Diabetes,diabetes,1,29,SEF conflict,0.17647058823529413,0.7116666666666667,0.2927106018850806
Diabetes,diabetes,1,29,Attribution entropy,0.14705882352941177,0.5944444444444446,0.7029952286261679
Diabetes,diabetes,1,29,Attribution Gini spread,0.14705882352941177,0.5833333333333334,0.6820136752014702
Diabetes,diabetes,1,29,Low confidence,0.17647058823529413,0.6433333333333333,0.1379920025609791
Diabetes,diabetes,1,29,SEF-entropy rank correlation,0.0720807726075505,,
Diabetes,diabetes,1,30,SEF conflict,0.11764705882352941,0.5992647058823529,0.2948552353324767
Diabetes,diabetes,1,30,Attribution entropy,0.17647058823529413,0.5157563025210083,0.7476614988756003
Diabetes,diabetes,1,30,Attribution Gini spread,0.14705882352941177,0.509453781512605,0.6987251926887005
Diabetes,diabetes,1,30,Low confidence,0.17647058823529413,0.5714285714285714,0.14189339234986825
Diabetes,diabetes,1,30,SEF-entropy rank correlation,0.09409325919422497,,
Diabetes,diabetes,1,31,SEF conflict,0.29411764705882354,0.710108604845447,0.27143376673331987
Diabetes,diabetes,1,31,Attribution entropy,0.23529411764705882,0.6035923141186299,0.7093404678186224
Diabetes,diabetes,1,31,Attribution Gini spread,0.23529411764705882,0.5898078529657478,0.6861801820877051
Diabetes,diabetes,1,31,Low confidence,0.2647058823529412,0.6420217209690894,0.12029050981711596
Diabetes,diabetes,1,31,SEF-entropy rank correlation,0.11644244030156972,,
Diabetes,diabetes,1,32,SEF conflict,0.17647058823529413,0.7588075880758808,0.28848943455314907
Diabetes,diabetes,1,32,Attribution entropy,0.08823529411764706,0.5155826558265583,0.7490872966154741
Diabetes,diabetes,1,32,Attribution Gini spread,0.08823529411764706,0.48712737127371275,0.7173198345514251
Diabetes,diabetes,1,32,Low confidence,0.17647058823529413,0.6754742547425474,0.14077111597882422
Diabetes,diabetes,1,32,SEF-entropy rank correlation,0.006757885520790217,,
Diabetes,diabetes,1,33,SEF conflict,0.14705882352941177,0.6588888888888889,0.2876180516116066
Diabetes,diabetes,1,33,Attribution entropy,0.14705882352941177,0.43222222222222223,0.7123542082961328
Diabetes,diabetes,1,33,Attribution Gini spread,0.11764705882352941,0.4172222222222222,0.6874654470825173
Diabetes,diabetes,1,33,Low confidence,0.08823529411764706,0.4638888888888889,0.13231605653963713
Diabetes,diabetes,1,33,SEF-entropy rank correlation,0.20831138425519466,,
Diabetes,diabetes,1,34,SEF conflict,0.20588235294117646,0.6166666666666667,0.25035775362629176
Diabetes,diabetes,1,34,Attribution entropy,0.17647058823529413,0.5716666666666667,0.6835326638407792
Diabetes,diabetes,1,34,Attribution Gini spread,0.17647058823529413,0.5683333333333334,0.6678554993550289
Diabetes,diabetes,1,34,Low confidence,0.11764705882352941,0.5,0.13004572841031709
Diabetes,diabetes,1,34,SEF-entropy rank correlation,0.04377621695444347,,
Diabetes,diabetes,1,35,SEF conflict,0.14705882352941177,0.5555555555555556,0.2760977125785397
Diabetes,diabetes,1,35,Attribution entropy,0.17647058823529413,0.4952516619183286,0.7120921901387932
Diabetes,diabetes,1,35,Attribution Gini spread,0.20588235294117646,0.4672364672364672,0.6939274927417713
Diabetes,diabetes,1,35,Low confidence,0.20588235294117646,0.603988603988604,0.11121432483844099
Diabetes,diabetes,1,35,SEF-entropy rank correlation,0.07609013754755635,,
Diabetes,diabetes,1,36,SEF conflict,0.17647058823529413,0.6079854809437386,0.2867244935746814
Diabetes,diabetes,1,36,Attribution entropy,0.23529411764705882,0.6302177858439201,0.725448354445586
Diabetes,diabetes,1,36,Attribution Gini spread,0.20588235294117646,0.6220508166969148,0.6943427526387042
Diabetes,diabetes,1,36,Low confidence,0.14705882352941177,0.6011796733212341,0.13165446981306222
Diabetes,diabetes,1,36,SEF-entropy rank correlation,0.26967256693602876,,
Diabetes,diabetes,1,37,SEF conflict,0.23529411764705882,0.6821739130434783,0.27298395947447673
Diabetes,diabetes,1,37,Attribution entropy,0.17647058823529413,0.47391304347826085,0.677990692491846
Diabetes,diabetes,1,37,Attribution Gini spread,0.11764705882352941,0.45130434782608686,0.6648325011225368
Diabetes,diabetes,1,37,Low confidence,0.23529411764705882,0.6160869565217391,0.1441403359292928
Diabetes,diabetes,1,37,SEF-entropy rank correlation,0.23191911998739317,,
Diabetes,diabetes,1,38,SEF conflict,0.20588235294117646,0.6588021778584392,0.23225311375840288
Diabetes,diabetes,1,38,Attribution entropy,0.20588235294117646,0.5149727767695099,0.718992073441093
Diabetes,diabetes,1,38,Attribution Gini spread,0.20588235294117646,0.5199637023593466,0.7067879178669418
Diabetes,diabetes,1,38,Low confidence,0.2647058823529412,0.5281306715063522,0.097326460880576
Diabetes,diabetes,1,38,SEF-entropy rank correlation,0.11285240464344944,,
Diabetes,diabetes,1,39,SEF conflict,0.17647058823529413,0.6594444444444444,0.2568346752042326
Diabetes,diabetes,1,39,Attribution entropy,0.058823529411764705,0.4472222222222223,0.7413726971399252
Diabetes,diabetes,1,39,Attribution Gini spread,0.058823529411764705,0.44611111111111107,0.7174948689399824
Diabetes,diabetes,1,39,Low confidence,0.14705882352941177,0.4538888888888889,0.11607576811601157
Diabetes,diabetes,1,39,SEF-entropy rank correlation,0.0613160439421536,,
Diabetes,diabetes,1,40,SEF conflict,0.17647058823529413,0.6669990029910269,0.27848187252082585
Diabetes,diabetes,1,40,Attribution entropy,0.11764705882352941,0.5388833499501495,0.7392486294285776
Diabetes,diabetes,1,40,Attribution Gini spread,0.11764705882352941,0.5129611166500498,0.7089326445979716
Diabetes,diabetes,1,40,Low confidence,0.23529411764705882,0.6146560319042871,0.1346095341305293
Diabetes,diabetes,1,40,SEF-entropy rank correlation,0.15008291873963517,,
Diabetes,diabetes,1,41,SEF conflict,0.2647058823529412,0.6777950310559007,0.31298467465729574
Diabetes,diabetes,1,41,Attribution entropy,0.17647058823529413,0.47787267080745344,0.7446474582688283
Diabetes,diabetes,1,41,Attribution Gini spread,0.17647058823529413,0.4557453416149068,0.7022352893181171
Diabetes,diabetes,1,41,Low confidence,0.20588235294117646,0.5520186335403726,0.0902066004928974
Diabetes,diabetes,1,41,SEF-entropy rank correlation,0.1763340161935421,,
Diabetes,diabetes,1,42,SEF conflict,0.20588235294117646,0.6877777777777777,0.2609462642950371
Diabetes,diabetes,1,42,Attribution entropy,0.08823529411764706,0.4594444444444445,0.6775760835013329
Diabetes,diabetes,1,42,Attribution Gini spread,0.058823529411764705,0.4233333333333334,0.6685092193919885
Diabetes,diabetes,1,42,Low confidence,0.08823529411764706,0.5633333333333334,0.12867302189124918
Diabetes,diabetes,1,42,SEF-entropy rank correlation,0.10157801870315168,,
Diabetes,diabetes,1,43,SEF conflict,0.20588235294117646,0.722333000997009,0.26188526938983464
Diabetes,diabetes,1,43,Attribution entropy,0.20588235294117646,0.5493519441674976,0.6739529854680141
Diabetes,diabetes,1,43,Attribution Gini spread,0.17647058823529413,0.5309072781655035,0.660317678303568
Diabetes,diabetes,1,43,Low confidence,0.20588235294117646,0.6106679960119641,0.13245600184634446
Diabetes,diabetes,1,43,SEF-entropy rank correlation,0.18819627353428936,,
Diabetes,diabetes,1,44,SEF conflict,0.11764705882352941,0.5667996011964107,0.24930630286532313
Diabetes,diabetes,1,44,Attribution entropy,0.08823529411764706,0.423728813559322,0.6310134468079286
Diabetes,diabetes,1,44,Attribution Gini spread,0.058823529411764705,0.40279162512462613,0.6445259226493937
Diabetes,diabetes,1,44,Low confidence,0.08823529411764706,0.43120638085742774,0.10643064497805334
Diabetes,diabetes,1,44,SEF-entropy rank correlation,0.09345429714174228,,
Diabetes,diabetes,1,45,SEF conflict,0.11764705882352941,0.6483333333333333,0.2948217479554066
Diabetes,diabetes,1,45,Attribution entropy,0.20588235294117646,0.6222222222222222,0.7431327899879054
Diabetes,diabetes,1,45,Attribution Gini spread,0.17647058823529413,0.5961111111111111,0.7133023619593528
Diabetes,diabetes,1,45,Low confidence,0.20588235294117646,0.6427777777777778,0.14682444544711368
Diabetes,diabetes,1,45,SEF-entropy rank correlation,0.09664422983123598,,
Diabetes,diabetes,1,46,SEF conflict,0.17647058823529413,0.626918536009445,0.28311897964353205
Diabetes,diabetes,1,46,Attribution entropy,0.08823529411764706,0.36717827626918537,0.6760970213759402
Diabetes,diabetes,1,46,Attribution Gini spread,0.058823529411764705,0.31286894923258557,0.6488082414499207
Diabetes,diabetes,1,46,Low confidence,0.11764705882352941,0.49350649350649356,0.1331537291419638
Diabetes,diabetes,1,46,SEF-entropy rank correlation,0.12054921471075994,,
Diabetes,diabetes,1,47,SEF conflict,0.17647058823529413,0.6358024691358025,0.24316268293130758
Diabetes,diabetes,1,47,Attribution entropy,0.11764705882352941,0.5308641975308642,0.6452626975379498
Diabetes,diabetes,1,47,Attribution Gini spread,0.08823529411764706,0.5042735042735043,0.6426496854063152
Diabetes,diabetes,1,47,Low confidence,0.17647058823529413,0.5351377018043685,0.12749147013863432
Diabetes,diabetes,1,47,SEF-entropy rank correlation,-0.01498397709498409,,
Diabetes,diabetes,1,48,SEF conflict,0.14705882352941177,0.5927218344965105,0.3000704605284813
Diabetes,diabetes,1,48,Attribution entropy,0.14705882352941177,0.47258225324027914,0.723840106743902
Diabetes,diabetes,1,48,Attribution Gini spread,0.11764705882352941,0.4386839481555334,0.6905940229881539
Diabetes,diabetes,1,48,Low confidence,0.20588235294117646,0.6156530408773679,0.12203280098210009
Diabetes,diabetes,1,48,SEF-entropy rank correlation,0.19873767797367406,,
Diabetes,diabetes,1,49,SEF conflict,0.17647058823529413,0.6675420168067228,0.2879257147688932
Diabetes,diabetes,1,49,Attribution entropy,0.14705882352941177,0.5640756302521008,0.7205646911332415
Diabetes,diabetes,1,49,Attribution Gini spread,0.11764705882352941,0.525735294117647,0.6954729151461629
Diabetes,diabetes,1,49,Low confidence,0.17647058823529413,0.7589285714285714,0.15138087042302395
Diabetes,diabetes,1,49,SEF-entropy rank correlation,0.2042678763047508,,
Heart disease,heart-statlog,1,0,SEF conflict,0.08333333333333333,0.6956521739130435,0.3539371971224061
Heart disease,heart-statlog,1,0,Attribution entropy,0.0,0.0,0.8703055928033789
Heart disease,heart-statlog,1,0,Attribution Gini spread,0.0,0.0,0.8670376505548489
Heart disease,heart-statlog,1,0,Low confidence,0.0,0.40217391304347827,0.03190024696648039
Heart disease,heart-statlog,1,0,SEF-entropy rank correlation,-0.02149370386452453,,
Heart disease,heart-statlog,1,1,SEF conflict,0.08333333333333333,0.7934782608695652,0.36370371862010886
Heart disease,heart-statlog,1,1,Attribution entropy,0.0,0.3695652173913043,0.8805197748423473
Heart disease,heart-statlog,1,1,Attribution Gini spread,0.08333333333333333,0.3804347826086957,0.8740888212072413
Heart disease,heart-statlog,1,1,Low confidence,0.08333333333333333,0.7282608695652174,0.05013555070249651
Heart disease,heart-statlog,1,1,SEF-entropy rank correlation,0.09020842379504994,,
Heart disease,heart-statlog,1,2,SEF conflict,0.3333333333333333,0.7953488372093024,0.3612571821257317
Heart disease,heart-statlog,1,2,Attribution entropy,0.0,0.2837209302325582,0.8455164228548612
Heart disease,heart-statlog,1,2,Attribution Gini spread,0.0,0.2930232558139535,0.8454599697469857
Heart disease,heart-statlog,1,2,Low confidence,0.25,0.7860465116279071,0.03744455473566661
Heart disease,heart-statlog,1,2,SEF-entropy rank correlation,-0.014546244029526704,,
Heart disease,heart-statlog,1,3,SEF conflict,0.08333333333333333,0.6086956521739131,0.2755490164766164
Heart disease,heart-statlog,1,3,Attribution entropy,0.08333333333333333,0.6739130434782609,0.8661362941526095
Heart disease,heart-statlog,1,3,Attribution Gini spread,0.08333333333333333,0.6195652173913043,0.8669253004633353
Heart disease,heart-statlog,1,3,Low confidence,0.08333333333333333,0.6304347826086957,0.04022557576843854
Heart disease,heart-statlog,1,3,SEF-entropy rank correlation,0.23013460703430308,,
Heart disease,heart-statlog,1,4,SEF conflict,0.16666666666666666,0.9130434782608696,0.28153724457458285
Heart disease,heart-statlog,1,4,Attribution entropy,0.0,0.44565217391304346,0.8221604366004053
Heart disease,heart-statlog,1,4,Attribution Gini spread,0.08333333333333333,0.5,0.8513212963121598
Heart disease,heart-statlog,1,4,Low confidence,0.0,0.608695652173913,0.05837986385272409
Heart disease,heart-statlog,1,4,SEF-entropy rank correlation,-0.19735128093790705,,
Heart disease,heart-statlog,1,5,SEF conflict,0.16666666666666666,0.6931818181818181,0.3731494025086472
Heart disease,heart-statlog,1,5,Attribution entropy,0.08333333333333333,0.36363636363636365,0.9128162901996418
Heart disease,heart-statlog,1,5,Attribution Gini spread,0.08333333333333333,0.38636363636363635,0.8859544024915328
Heart disease,heart-statlog,1,5,Low confidence,0.08333333333333333,0.5909090909090909,0.03456622424958399
Heart disease,heart-statlog,1,5,SEF-entropy rank correlation,0.1828050369083804,,
Heart disease,heart-statlog,1,6,SEF conflict,0.25,0.7767441860465116,0.3111170813087175
Heart disease,heart-statlog,1,6,Attribution entropy,0.08333333333333333,0.42325581395348844,0.867668736415334
Heart disease,heart-statlog,1,6,Attribution Gini spread,0.08333333333333333,0.46976744186046515,0.8643208449079626
Heart disease,heart-statlog,1,6,Low confidence,0.16666666666666666,0.7162790697674418,0.021728424539061878
Heart disease,heart-statlog,1,6,SEF-entropy rank correlation,0.17194963091619625,,
Heart disease,heart-statlog,1,7,SEF conflict,0.08333333333333333,0.6420454545454545,0.31335856827344283
Heart disease,heart-statlog,1,7,Attribution entropy,0.0,0.2897727272727273,0.8809247836004985
Heart disease,heart-statlog,1,7,Attribution Gini spread,0.0,0.29545454545454547,0.8689999216120476
Heart disease,heart-statlog,1,7,Low confidence,0.16666666666666666,0.6761363636363636,0.028443580180282906
Heart disease,heart-statlog,1,7,SEF-entropy rank correlation,-0.07077724706904039,,
Heart disease,heart-statlog,1,8,SEF conflict,0.16666666666666666,0.7185185185185186,0.37107341304271085
Heart disease,heart-statlog,1,8,Attribution entropy,0.0,0.3555555555555555,0.8794264796221173
Heart disease,heart-statlog,1,8,Attribution Gini spread,0.0,0.362962962962963,0.8656044616507841
Heart disease,heart-statlog,1,8,Low confidence,0.08333333333333333,0.5851851851851851,0.04350705368782185
Heart disease,heart-statlog,1,8,SEF-entropy rank correlation,0.23827616152844117,,
Heart disease,heart-statlog,1,9,SEF conflict,0.16666666666666666,0.7386363636363635,0.3535009833253324
Heart disease,heart-statlog,1,9,Attribution entropy,0.16666666666666666,0.6931818181818181,0.8784964295409264
Heart disease,heart-statlog,1,9,Attribution Gini spread,0.16666666666666666,0.7954545454545454,0.871258029639263
Heart disease,heart-statlog,1,9,Low confidence,0.3333333333333333,0.8806818181818182,0.04152459009854209
Heart disease,heart-statlog,1,9,SEF-entropy rank correlation,0.06274424663482414,,
Heart disease,heart-statlog,1,10,SEF conflict,0.0,0.42553191489361697,0.3422895709770391
Heart disease,heart-statlog,1,10,Attribution entropy,0.0,0.7234042553191489,0.8667807747616694
Heart disease,heart-statlog,1,10,Attribution Gini spread,0.0,0.7234042553191489,0.8623721056650938
Heart disease,heart-statlog,1,10,Low confidence,0.08333333333333333,0.8936170212765957,0.04076941467883242
Heart disease,heart-statlog,1,10,SEF-entropy rank correlation,0.016283108988276163,,
Heart disease,heart-statlog,1,11,SEF conflict,0.16666666666666666,0.7441860465116279,0.36079632807045486
Heart disease,heart-statlog,1,11,Attribution entropy,0.16666666666666666,0.613953488372093,0.8886596061130643
Heart disease,heart-statlog,1,11,Attribution Gini spread,0.16666666666666666,0.5953488372093023,0.876452451836509
Heart disease,heart-statlog,1,11,Low confidence,0.25,0.7488372093023257,0.03437718821999634
Heart disease,heart-statlog,1,11,SEF-entropy rank correlation,0.32989578810247505,,
Heart disease,heart-statlog,1,12,SEF conflict,0.16666666666666666,0.7954545454545454,0.3075812033693395
Heart disease,heart-statlog,1,12,Attribution entropy,0.0,0.28977272727272724,0.8533850547250091
Heart disease,heart-statlog,1,12,Attribution Gini spread,0.0,0.3181818181818182,0.849476356754462
Heart disease,heart-statlog,1,12,Low confidence,0.25,0.8352272727272726,0.022662473200574924
Heart disease,heart-statlog,1,12,SEF-entropy rank correlation,-0.09976118106817196,,
Heart disease,heart-statlog,1,13,SEF conflict,0.25,0.7534883720930232,0.4032704743724261
Heart disease,heart-statlog,1,13,Attribution entropy,0.08333333333333333,0.413953488372093,0.8991189891781749
Heart disease,heart-statlog,1,13,Attribution Gini spread,0.08333333333333333,0.3534883720930232,0.8800894611905096
Heart disease,heart-statlog,1,13,Low confidence,0.08333333333333333,0.627906976744186,0.037510112462521915
Heart disease,heart-statlog,1,13,SEF-entropy rank correlation,0.13797221016066,,
Heart disease,heart-statlog,1,14,SEF conflict,0.08333333333333333,0.7851851851851852,0.3213721494387645
Heart disease,heart-statlog,1,14,Attribution entropy,0.0,0.6074074074074074,0.8981960822929264
Heart disease,heart-statlog,1,14,Attribution Gini spread,0.0,0.6666666666666666,0.8800058081086405
Heart disease,heart-statlog,1,14,Low confidence,0.16666666666666666,0.9037037037037037,0.027605375409875687
Heart disease,heart-statlog,1,14,SEF-entropy rank correlation,0.25575336517585756,,
Heart disease,heart-statlog,1,15,SEF conflict,0.16666666666666666,0.8444444444444444,0.37329229001068737
Heart disease,heart-statlog,1,15,Attribution entropy,0.08333333333333333,0.48148148148148145,0.8896559744902963
Heart disease,heart-statlog,1,15,Attribution Gini spread,0.08333333333333333,0.4666666666666667,0.8765765850884901
Heart disease,heart-statlog,1,15,Low confidence,0.16666666666666666,0.8296296296296296,0.04869835804407611
Heart disease,heart-statlog,1,15,SEF-entropy rank correlation,0.1028006947459835,,
Heart disease,heart-statlog,1,16,SEF conflict,0.08333333333333333,1.0,0.3326221584602072
Heart disease,heart-statlog,1,16,Attribution entropy,0.0,0.3191489361702128,0.8786517823940562
Heart disease,heart-statlog,1,16,Attribution Gini spread,0.0,0.1063829787234043,0.871699234342351
Heart disease,heart-statlog,1,16,Low confidence,0.08333333333333333,0.8936170212765957,0.06126287453914301
Heart disease,heart-statlog,1,16,SEF-entropy rank correlation,-0.050694745983499774,,
Heart disease,heart-statlog,1,17,SEF conflict,0.08333333333333333,1.0,0.34286400689603497
Heart disease,heart-statlog,1,17,Attribution entropy,0.0,0.21276595744680848,0.8838126119597868
Heart disease,heart-statlog,1,17,Attribution Gini spread,0.0,0.21276595744680848,0.8737436298862417
Heart disease,heart-statlog,1,17,Low confidence,0.0,0.6595744680851063,0.03864005745420118
Heart disease,heart-statlog,1,17,SEF-entropy rank correlation,0.23860182370820665,,
Heart disease,heart-statlog,1,18,SEF conflict,0.16666666666666666,0.7481481481481481,0.35210860141713257
Heart disease,heart-statlog,1,18,Attribution entropy,0.0,0.4074074074074074,0.8725206649345632
Heart disease,heart-statlog,1,18,Attribution Gini spread,0.0,0.3925925925925926,0.8675749546205292
Heart disease,heart-statlog,1,18,Low confidence,0.16666666666666666,0.8518518518518519,0.03782072371073789
Heart disease,heart-statlog,1,18,SEF-entropy rank correlation,-0.02116804168475901,,
Heart disease,heart-statlog,1,19,SEF conflict,0.16666666666666666,0.7784090909090909,0.3798182226178599
Heart disease,heart-statlog,1,19,Attribution entropy,0.0,0.3465909090909091,0.8651806977971516
Heart disease,heart-statlog,1,19,Attribution Gini spread,0.0,0.3977272727272727,0.8637095175883127
Heart disease,heart-statlog,1,19,Low confidence,0.08333333333333333,0.7329545454545454,0.04000693896223823
Heart disease,heart-statlog,1,19,SEF-entropy rank correlation,-0.050694745983499774,,
Heart disease,heart-statlog,1,20,SEF conflict,0.08333333333333333,0.7777777777777777,0.38722762559251206
Heart disease,heart-statlog,1,20,Attribution entropy,0.08333333333333333,0.7111111111111111,0.8657367501436853
Heart disease,heart-statlog,1,20,Attribution Gini spread,0.08333333333333333,0.7037037037037037,0.8628319963213427
Heart disease,heart-statlog,1,20,Low confidence,0.08333333333333333,0.762962962962963,0.05547388352841673
Heart disease,heart-statlog,1,20,SEF-entropy rank correlation,0.4333478072079896,,
Heart disease,heart-statlog,1,21,SEF conflict,0.08333333333333333,0.9148936170212766,0.2749106571719225
Heart disease,heart-statlog,1,21,Attribution entropy,0.0,0.021276595744680882,0.8416254064128629
Heart disease,heart-statlog,1,21,Attribution Gini spread,0.0,0.021276595744680882,0.8538752447224591
Heart disease,heart-statlog,1,21,Low confidence,0.0,0.5531914893617021,0.0449690802774598
Heart disease,heart-statlog,1,21,SEF-entropy rank correlation,0.040924880590534084,,
Heart disease,heart-statlog,1,22,SEF conflict,0.25,0.8409090909090908,0.3083394070176251
Heart disease,heart-statlog,1,22,Attribution entropy,0.0,0.28977272727272724,0.8247910902088803
Heart disease,heart-statlog,1,22,Attribution Gini spread,0.0,0.2954545454545454,0.8382724668949221
Heart disease,heart-statlog,1,22,Low confidence,0.16666666666666666,0.7670454545454546,0.027113248347352525
Heart disease,heart-statlog,1,22,SEF-entropy rank correlation,-0.014871906209292227,,
Heart disease,heart-statlog,1,23,SEF conflict,0.08333333333333333,0.6630434782608696,0.34391402405501753
Heart disease,heart-statlog,1,23,Attribution entropy,0.0,0.25,0.8881882140660706
Heart disease,heart-statlog,1,23,Attribution Gini spread,0.0,0.28260869565217395,0.8794574965510863
Heart disease,heart-statlog,1,23,Low confidence,0.0,0.6847826086956522,0.04923868556955718
Heart disease,heart-statlog,1,23,SEF-entropy rank correlation,0.12092922275293096,,
Heart disease,heart-statlog,1,24,SEF conflict,0.0,0.4042553191489362,0.2816882569596534
Heart disease,heart-statlog,1,24,Attribution entropy,0.0,0.0,0.8425119228908656
Heart disease,heart-statlog,1,24,Attribution Gini spread,0.0,0.0,0.8533682178145491
Heart disease,heart-statlog,1,24,Low confidence,0.0,0.276595744680851,0.03503124870322145
Heart disease,heart-statlog,1,24,SEF-entropy rank correlation,0.14730785931393833,,
Heart disease,heart-statlog,1,25,SEF conflict,0.0,0.5760869565217391,0.345930401819353
Heart disease,heart-statlog,1,25,Attribution entropy,0.0,0.6086956521739131,0.8553916850813884
Heart disease,heart-statlog,1,25,Attribution Gini spread,0.08333333333333333,0.6304347826086957,0.861139828878226
Heart disease,heart-statlog,1,25,Low confidence,0.0,0.5978260869565217,0.04743126630496539
Heart disease,heart-statlog,1,25,SEF-entropy rank correlation,-0.0019539730785931393,,
Heart disease,heart-statlog,1,26,SEF conflict,0.16666666666666666,1.0,0.3449360248625349
Heart disease,heart-statlog,1,26,Attribution entropy,0.0,0.10869565217391303,0.8951782016528419
Heart disease,heart-statlog,1,26,Attribution Gini spread,0.0,0.11956521739130432,0.8754210253925186
Heart disease,heart-statlog,1,26,Low confidence,0.0,0.7391304347826086,0.03206923940760705
Heart disease,heart-statlog,1,26,SEF-entropy rank correlation,0.3308727746417716,,
Heart disease,heart-statlog,1,27,SEF conflict,0.25,0.6930232558139534,0.32904401368273345
Heart disease,heart-statlog,1,27,Attribution entropy,0.0,0.31162790697674425,0.8604727642018486
Heart disease,heart-statlog,1,27,Attribution Gini spread,0.0,0.3023255813953488,0.8701585674252761
Heart disease,heart-statlog,1,27,Low confidence,0.16666666666666666,0.6790697674418604,0.0405765569387807
Heart disease,heart-statlog,1,27,SEF-entropy rank correlation,0.006404689535388623,,
Heart disease,heart-statlog,1,28,SEF conflict,0.16666666666666666,0.6962962962962962,0.23367224303567266
Heart disease,heart-statlog,1,28,Attribution entropy,0.08333333333333333,0.3851851851851852,0.8131977309829139
Heart disease,heart-statlog,1,28,Attribution Gini spread,0.0,0.4074074074074074,0.845853013407344
Heart disease,heart-statlog,1,28,Low confidence,0.08333333333333333,0.6814814814814815,0.030898876631853655
Heart disease,heart-statlog,1,28,SEF-entropy rank correlation,0.01910551454624403,,
Heart disease,heart-statlog,1,29,SEF conflict,0.08333333333333333,0.6296296296296297,0.3063830919860295
Heart disease,heart-statlog,1,29,Attribution entropy,0.0,0.1185185185185185,0.8616239034115362
Heart disease,heart-statlog,1,29,Attribution Gini spread,0.0,0.09629629629629632,0.8587677921800366
Heart disease,heart-statlog,1,29,Low confidence,0.08333333333333333,0.6,0.044535716933842416
Heart disease,heart-statlog,1,29,SEF-entropy rank correlation,0.11387320885801129,,
Heart disease,heart-statlog,1,30,SEF conflict,0.16666666666666666,0.8222222222222222,0.3005491684394392
Heart disease,heart-statlog,1,30,Attribution entropy,0.0,0.21481481481481476,0.8319350540661677
Heart disease,heart-statlog,1,30,Attribution Gini spread,0.0,0.23703703703703705,0.8436651462705861
Heart disease,heart-statlog,1,30,Low confidence,0.08333333333333333,0.7259259259259259,0.048766578005495005
Heart disease,heart-statlog,1,30,SEF-entropy rank correlation,-0.12418584455058619,,
Heart disease,heart-statlog,1,31,SEF conflict,0.08333333333333333,0.5852272727272727,0.3405435229949201
Heart disease,heart-statlog,1,31,Attribution entropy,0.08333333333333333,0.44886363636363635,0.8764861448236761
Heart disease,heart-statlog,1,31,Attribution Gini spread,0.0,0.4375,0.8675026120769238
Heart disease,heart-statlog,1,31,Low confidence,0.08333333333333333,0.6079545454545454,0.03956845293309549
Heart disease,heart-statlog,1,31,SEF-entropy rank correlation,-0.020191055145462437,,
Heart disease,heart-statlog,1,32,SEF conflict,0.08333333333333333,0.75,0.3373212029015101
Heart disease,heart-statlog,1,32,Attribution entropy,0.0,0.5652173913043478,0.8313918891244908
Heart disease,heart-statlog,1,32,Attribution Gini spread,0.0,0.6630434782608696,0.8437968414798246
Heart disease,heart-statlog,1,32,Low confidence,0.16666666666666666,0.9130434782608696,0.04773503249418464
Heart disease,heart-statlog,1,32,SEF-entropy rank correlation,0.1295049934867564,,
Heart disease,heart-statlog,1,33,SEF conflict,0.16666666666666666,0.8296296296296295,0.288694639226366
Heart disease,heart-statlog,1,33,Attribution entropy,0.0,0.34074074074074073,0.8348737954045719
Heart disease,heart-statlog,1,33,Attribution Gini spread,0.0,0.31851851851851853,0.8443717748670618
Heart disease,heart-statlog,1,33,Low confidence,0.08333333333333333,0.6222222222222222,0.02266321957514589
Heart disease,heart-statlog,1,33,SEF-entropy rank correlation,0.2183022145028224,,
Heart disease,heart-statlog,1,34,SEF conflict,0.25,0.8522727272727273,0.32574996809193585
Heart disease,heart-statlog,1,34,Attribution entropy,0.0,0.1477272727272727,0.8339434637136881
Heart disease,heart-statlog,1,34,Attribution Gini spread,0.0,0.1590909090909091,0.8471393301207408
Heart disease,heart-statlog,1,34,Low confidence,0.16666666666666666,0.6875,0.03558885502131575
Heart disease,heart-statlog,1,34,SEF-entropy rank correlation,0.10844550586191924,,
Heart disease,heart-statlog,1,35,SEF conflict,0.08333333333333333,0.6306818181818181,0.3340841854226037
Heart disease,heart-statlog,1,35,Attribution entropy,0.0,0.49431818181818177,0.8232712084706728
Heart disease,heart-statlog,1,35,Attribution Gini spread,0.08333333333333333,0.5113636363636365,0.8462820031636643
Heart disease,heart-statlog,1,35,Low confidence,0.16666666666666666,0.6477272727272727,0.04777384481227542
Heart disease,heart-statlog,1,35,SEF-entropy rank correlation,-0.019648284845853233,,
Heart disease,heart-statlog,1,36,SEF conflict,0.25,0.7727272727272727,0.3777334261207957
Heart disease,heart-statlog,1,36,Attribution entropy,0.0,0.32954545454545453,0.9048318265882219
Heart disease,heart-statlog,1,36,Attribution Gini spread,0.0,0.3352272727272727,0.8823963777001557
Heart disease,heart-statlog,1,36,Low confidence,0.08333333333333333,0.7159090909090908,0.04944182243555053
Heart disease,heart-statlog,1,36,SEF-entropy rank correlation,-0.0589448545375597,,
Heart disease,heart-statlog,1,37,SEF conflict,0.16666666666666666,0.6193181818181818,0.3424673034397416
Heart disease,heart-statlog,1,37,Attribution entropy,0.0,0.39772727272727276,0.8759665393330355
Heart disease,heart-statlog,1,37,Attribution Gini spread,0.0,0.40909090909090906,0.8648290901095939
Heart disease,heart-statlog,1,37,Low confidence,0.16666666666666666,0.6647727272727273,0.023116504779014547
Heart disease,heart-statlog,1,37,SEF-entropy rank correlation,0.14144594007815894,,
Heart disease,heart-statlog,1,38,SEF conflict,0.08333333333333333,0.6647727272727273,0.3761901922635847
Heart disease,heart-statlog,1,38,Attribution entropy,0.0,0.29545454545454547,0.902287877999057
Heart disease,heart-statlog,1,38,Attribution Gini spread,0.0,0.34659090909090906,0.8831057672096986
Heart disease,heart-statlog,1,38,Low confidence,0.08333333333333333,0.5738636363636364,0.043943173192478334
Heart disease,heart-statlog,1,38,SEF-entropy rank correlation,-0.04233608336951802,,
Heart disease,heart-statlog,1,39,SEF conflict,0.4166666666666667,0.8055555555555556,0.35792085144805846
Heart disease,heart-statlog,1,39,Attribution entropy,0.08333333333333333,0.4642857142857143,0.8458185335652185
Heart disease,heart-statlog,1,39,Attribution Gini spread,0.08333333333333333,0.43253968253968256,0.8611176390809713
Heart disease,heart-statlog,1,39,Low confidence,0.16666666666666666,0.7738095238095238,0.05185373892324438
Heart disease,heart-statlog,1,39,SEF-entropy rank correlation,0.10898827616152842,,
Heart disease,heart-statlog,1,40,SEF conflict,0.16666666666666666,0.8015873015873016,0.3826641503942659
Heart disease,heart-statlog,1,40,Attribution entropy,0.08333333333333333,0.44047619047619047,0.8756265851116799
Heart disease,heart-statlog,1,40,Attribution Gini spread,0.08333333333333333,0.42460317460317454,0.8714621466394773
Heart disease,heart-statlog,1,40,Low confidence,0.25,0.8015873015873015,0.05421924528369395
Heart disease,heart-statlog,1,40,SEF-entropy rank correlation,0.0766391663048198,,
Heart disease,heart-statlog,1,41,SEF conflict,0.0,0.5,0.32952792674772713
Heart disease,heart-statlog,1,41,Attribution entropy,0.0,0.4782608695652174,0.8686004142134065
Heart disease,heart-statlog,1,41,Attribution Gini spread,0.0,0.5108695652173914,0.8646100202321083
Heart disease,heart-statlog,1,41,Low confidence,0.0,0.44565217391304346,0.029359816616641554
Heart disease,heart-statlog,1,41,SEF-entropy rank correlation,0.15338688666956143,,
Heart disease,heart-statlog,1,42,SEF conflict,0.25,0.6837209302325581,0.31211894950278657
Heart disease,heart-statlog,1,42,Attribution entropy,0.08333333333333333,0.35813953488372097,0.8111972288329016
Heart disease,heart-statlog,1,42,Attribution Gini spread,0.0,0.3581395348837209,0.8383680152314291
Heart disease,heart-statlog,1,42,Low confidence,0.25,0.6651162790697674,0.04064423091687249
Heart disease,heart-statlog,1,42,SEF-entropy rank correlation,-0.024533217542336085,,
Heart disease,heart-statlog,1,43,SEF conflict,0.08333333333333333,0.627906976744186,0.2823186266318036
Heart disease,heart-statlog,1,43,Attribution entropy,0.0,0.3395348837209302,0.8288824272872081
Heart disease,heart-statlog,1,43,Attribution Gini spread,0.0,0.3441860465116279,0.8559108427337305
Heart disease,heart-statlog,1,43,Low confidence,0.08333333333333333,0.5627906976744186,0.0356932643161905
Heart disease,heart-statlog,1,43,SEF-entropy rank correlation,0.06730351715154147,,
Heart disease,heart-statlog,1,44,SEF conflict,0.08333333333333333,0.5953488372093023,0.3670483717432562
Heart disease,heart-statlog,1,44,Attribution entropy,0.08333333333333333,0.3534883720930233,0.8688646049492509
Heart disease,heart-statlog,1,44,Attribution Gini spread,0.08333333333333333,0.3674418604651163,0.8551563727520536
Heart disease,heart-statlog,1,44,Low confidence,0.08333333333333333,0.6000000000000001,0.027589760110255195
Heart disease,heart-statlog,1,44,SEF-entropy rank correlation,0.3425966131133304,,
Heart disease,heart-statlog,1,45,SEF conflict,0.08333333333333333,0.6521739130434783,0.36001457982896995
Heart disease,heart-statlog,1,45,Attribution entropy,0.0,0.28260869565217395,0.8806421906475054
Heart disease,heart-statlog,1,45,Attribution Gini spread,0.0,0.2608695652173913,0.8705282074493924
Heart disease,heart-statlog,1,45,Low confidence,0.08333333333333333,0.5978260869565217,0.04911230264856089
Heart disease,heart-statlog,1,45,SEF-entropy rank correlation,0.1818280503690838,,
Heart disease,heart-statlog,1,46,SEF conflict,0.0,0.5333333333333334,0.3197415322808019
Heart disease,heart-statlog,1,46,Attribution entropy,0.0,0.2962962962962963,0.8884954303229887
Heart disease,heart-statlog,1,46,Attribution Gini spread,0.0,0.3333333333333333,0.8736344750137292
Heart disease,heart-statlog,1,46,Low confidence,0.08333333333333333,0.6592592592592592,0.028644464353512852
Heart disease,heart-statlog,1,46,SEF-entropy rank correlation,0.23773339122883194,,
Heart disease,heart-statlog,1,47,SEF conflict,0.0,0.6382978723404256,0.3197577242924739
Heart disease,heart-statlog,1,47,Attribution entropy,0.08333333333333333,0.9574468085106383,0.8678519848542926
Heart disease,heart-statlog,1,47,Attribution Gini spread,0.08333333333333333,0.9361702127659575,0.8709227239138851
Heart disease,heart-statlog,1,47,Low confidence,0.0,0.7021276595744681,0.049681384197849544
Heart disease,heart-statlog,1,47,SEF-entropy rank correlation,-0.14437689969604864,,
Heart disease,heart-statlog,1,48,SEF conflict,0.5,0.8606271777003484,0.3661152529440234
Heart disease,heart-statlog,1,48,Attribution entropy,0.08333333333333333,0.35191637630662015,0.8810615223185981
Heart disease,heart-statlog,1,48,Attribution Gini spread,0.08333333333333333,0.3588850174216027,0.8767517246101987
Heart disease,heart-statlog,1,48,Low confidence,0.3333333333333333,0.8397212543554007,0.032466376424958664
Heart disease,heart-statlog,1,48,SEF-entropy rank correlation,0.05937907077724707,,
Heart disease,heart-statlog,1,49,SEF conflict,0.16666666666666666,0.7925925925925925,0.3208779248247813
Heart disease,heart-statlog,1,49,Attribution entropy,0.08333333333333333,0.5407407407407407,0.8705882684528126
Heart disease,heart-statlog,1,49,Attribution Gini spread,0.08333333333333333,0.6222222222222222,0.8681820413545305
Heart disease,heart-statlog,1,49,Low confidence,0.25,0.8518518518518519,0.04194519463972784
Heart disease,heart-statlog,1,49,SEF-entropy rank correlation,0.027789839339991317,,
Blood transfusion,blood-transfusion-service-center,1,0,SEF conflict,0.10526315789473684,0.4860390905464699,0.21964790311271878
Blood transfusion,blood-transfusion-service-center,1,0,Attribution entropy,0.15151515151515152,0.511168727562824,0.7722035972319505
Blood transfusion,blood-transfusion-service-center,1,0,Attribution Gini spread,0.14705882352941177,0.5063821300358995,0.5767617438613908
Blood transfusion,blood-transfusion-service-center,1,0,Low confidence,0.36363636363636365,0.6483845233346629,0.22112322375535903
Blood transfusion,blood-transfusion-service-center,1,0,SEF-entropy rank correlation,0.6104645146928157,,
Blood transfusion,blood-transfusion-service-center,1,1,SEF conflict,0.2727272727272727,0.5601851851851851,0.22186458266154704
Blood transfusion,blood-transfusion-service-center,1,1,Attribution entropy,0.30303030303030304,0.5838675213675214,0.8191240082203582
Blood transfusion,blood-transfusion-service-center,1,1,Attribution Gini spread,0.2727272727272727,0.6048789173789174,0.61538600778981
Blood transfusion,blood-transfusion-service-center,1,1,Low confidence,0.36363636363636365,0.692485754985755,0.22954141124472674
Blood transfusion,blood-transfusion-service-center,1,1,SEF-entropy rank correlation,0.6305827637091969,,
Blood transfusion,blood-transfusion-service-center,1,2,SEF conflict,0.24242424242424243,0.635064935064935,0.21472022388770692
Blood transfusion,blood-transfusion-service-center,1,2,Attribution entropy,0.3333333333333333,0.716017316017316,0.791610568362235
Blood transfusion,blood-transfusion-service-center,1,2,Attribution Gini spread,0.3333333333333333,0.7108225108225108,0.5937010178428669
Blood transfusion,blood-transfusion-service-center,1,2,Low confidence,0.2727272727272727,0.7082251082251082,0.22268639837751888
Blood transfusion,blood-transfusion-service-center,1,2,SEF-entropy rank correlation,0.6243842389770318,,
Blood transfusion,blood-transfusion-service-center,1,3,SEF conflict,0.21212121212121213,0.5238336713995944,0.32579035637616516
Blood transfusion,blood-transfusion-service-center,1,3,Attribution entropy,0.24242424242424243,0.5393847194050034,0.8351097468285522
Blood transfusion,blood-transfusion-service-center,1,3,Attribution Gini spread,0.23529411764705882,0.5512170385395538,0.6321993033766128
Blood transfusion,blood-transfusion-service-center,1,3,Low confidence,0.24242424242424243,0.5721771467207573,0.19421683158972497
Blood transfusion,blood-transfusion-service-center,1,3,SEF-entropy rank correlation,0.5012301375262157,,
Blood transfusion,blood-transfusion-service-center,1,4,SEF conflict,0.2727272727272727,0.575242718446602,0.20572591729135803
Blood transfusion,blood-transfusion-service-center,1,4,Attribution entropy,0.24242424242424243,0.5471567267683772,0.7619161620445113
Blood transfusion,blood-transfusion-service-center,1,4,Attribution Gini spread,0.24242424242424243,0.569001386962552,0.5685977332857344
Blood transfusion,blood-transfusion-service-center,1,4,Low confidence,0.36363636363636365,0.6903606102635229,0.2178543679553342
Blood transfusion,blood-transfusion-service-center,1,4,SEF-entropy rank correlation,0.5559370370038358,,
Blood transfusion,blood-transfusion-service-center,1,5,SEF conflict,0.24242424242424243,0.5753225806451613,0.2666363379936401
Blood transfusion,blood-transfusion-service-center,1,5,Attribution entropy,0.18181818181818182,0.5311290322580644,0.8205287473769898
Blood transfusion,blood-transfusion-service-center,1,5,Attribution Gini spread,0.24242424242424243,0.5579032258064516,0.6214607261317351
Blood transfusion,blood-transfusion-service-center,1,5,Low confidence,0.30303030303030304,0.7020967741935484,0.234822932984439
Blood transfusion,blood-transfusion-service-center,1,5,SEF-entropy rank correlation,0.5536201509960247,,
Blood transfusion,blood-transfusion-service-center,1,6,SEF conflict,0.4473684210526316,0.654601571268238,0.2647452528563145
Blood transfusion,blood-transfusion-service-center,1,6,Attribution entropy,0.4090909090909091,0.5896464646464645,0.7981937839275741
Blood transfusion,blood-transfusion-service-center,1,6,Attribution Gini spread,0.40476190476190477,0.6059203142536476,0.6058037335100761
Blood transfusion,blood-transfusion-service-center,1,6,Low confidence,0.5588235294117647,0.8357182940516273,0.24135326223551076
Blood transfusion,blood-transfusion-service-center,1,6,SEF-entropy rank correlation,0.6241386897150262,,
Blood transfusion,blood-transfusion-service-center,1,7,SEF conflict,0.2727272727272727,0.6285714285714286,0.29104236801745637
Blood transfusion,blood-transfusion-service-center,1,7,Attribution entropy,0.2727272727272727,0.6216931216931216,0.8295521337815225
Blood transfusion,blood-transfusion-service-center,1,7,Attribution Gini spread,0.30303030303030304,0.6213403880070546,0.6239404156041868
Blood transfusion,blood-transfusion-service-center,1,7,Low confidence,0.36363636363636365,0.7169312169312169,0.25856621718682515
Blood transfusion,blood-transfusion-service-center,1,7,SEF-entropy rank correlation,0.6221014692040548,,
Blood transfusion,blood-transfusion-service-center,1,8,SEF conflict,0.09090909090909091,0.40135135135135136,0.223516964483469
Blood transfusion,blood-transfusion-service-center,1,8,Attribution entropy,0.12121212121212122,0.4466216216216216,0.8052738864880055
Blood transfusion,blood-transfusion-service-center,1,8,Attribution Gini spread,0.12121212121212122,0.4709459459459459,0.6108197940184229
Blood transfusion,blood-transfusion-service-center,1,8,Low confidence,0.2727272727272727,0.6173423423423424,0.20960512714068302
Blood transfusion,blood-transfusion-service-center,1,8,SEF-entropy rank correlation,0.5848191600600275,,
Blood transfusion,blood-transfusion-service-center,1,9,SEF conflict,0.21212121212121213,0.5696948682385576,0.18973719801765987
Blood transfusion,blood-transfusion-service-center,1,9,Attribution entropy,0.2727272727272727,0.6031553398058253,0.797745963019496
Blood transfusion,blood-transfusion-service-center,1,9,Attribution Gini spread,0.25,0.5951803051317615,0.5968603540188585
Blood transfusion,blood-transfusion-service-center,1,9,Low confidence,0.30303030303030304,0.569868238557559,0.1978904549227693
Blood transfusion,blood-transfusion-service-center,1,9,SEF-entropy rank correlation,0.6574563324216774,,
Blood transfusion,blood-transfusion-service-center,1,10,SEF conflict,0.18181818181818182,0.5696969696969696,0.2592832902217423
Blood transfusion,blood-transfusion-service-center,1,10,Attribution entropy,0.21212121212121213,0.5742424242424242,0.8453518960695917
Blood transfusion,blood-transfusion-service-center,1,10,Attribution Gini spread,0.21212121212121213,0.591991341991342,0.6392029866197548
Blood transfusion,blood-transfusion-service-center,1,10,Low confidence,0.25,0.6387445887445888,0.23184951266113266
Blood transfusion,blood-transfusion-service-center,1,10,SEF-entropy rank correlation,0.5505689294566131,,
Blood transfusion,blood-transfusion-service-center,1,11,SEF conflict,0.35294117647058826,0.5310897435897436,0.27366852990187074
Blood transfusion,blood-transfusion-service-center,1,11,Attribution entropy,0.29411764705882354,0.5963141025641027,0.822214618339351
Blood transfusion,blood-transfusion-service-center,1,11,Attribution Gini spread,0.3235294117647059,0.5947115384615386,0.620336133504992
Blood transfusion,blood-transfusion-service-center,1,11,Low confidence,0.4411764705882353,0.725801282051282,0.21724433124684991
Blood transfusion,blood-transfusion-service-center,1,11,SEF-entropy rank correlation,0.49985847999843114,,
Blood transfusion,blood-transfusion-service-center,1,12,SEF conflict,0.21212121212121213,0.573992673992674,0.26928818488173306
Blood transfusion,blood-transfusion-service-center,1,12,Attribution entropy,0.15151515151515152,0.539010989010989,0.8120487232262922
Blood transfusion,blood-transfusion-service-center,1,12,Attribution Gini spread,0.12121212121212122,0.5445054945054945,0.6112551012647557
Blood transfusion,blood-transfusion-service-center,1,12,Low confidence,0.23529411764705882,0.5631868131868132,0.23541219355680607
Blood transfusion,blood-transfusion-service-center,1,12,SEF-entropy rank correlation,0.6139539757319731,,
Blood transfusion,blood-transfusion-service-center,1,13,SEF conflict,0.18181818181818182,0.5307632398753894,0.26798220918772664
Blood transfusion,blood-transfusion-service-center,1,13,Attribution entropy,0.2727272727272727,0.6080607476635513,0.8054680586026911
Blood transfusion,blood-transfusion-service-center,1,13,Attribution Gini spread,0.2727272727272727,0.6310358255451713,0.6045030530557922
Blood transfusion,blood-transfusion-service-center,1,13,Low confidence,0.36363636363636365,0.7213785046728972,0.21685688833021585
Blood transfusion,blood-transfusion-service-center,1,13,SEF-entropy rank correlation,0.506406388799973,,
Blood transfusion,blood-transfusion-service-center,1,14,SEF conflict,0.21212121212121213,0.5785070785070785,0.2321502793303664
Blood transfusion,blood-transfusion-service-center,1,14,Attribution entropy,0.24242424242424243,0.6383526383526384,0.7861677139565928
Blood transfusion,blood-transfusion-service-center,1,14,Attribution Gini spread,0.24242424242424243,0.6619476619476619,0.5891095037963258
Blood transfusion,blood-transfusion-service-center,1,14,Low confidence,0.36363636363636365,0.7528957528957528,0.21992352154950656
Blood transfusion,blood-transfusion-service-center,1,14,SEF-entropy rank correlation,0.6187844784398354,,
Blood transfusion,blood-transfusion-service-center,1,15,SEF conflict,0.3333333333333333,0.6223290598290598,0.1940412265907824
Blood transfusion,blood-transfusion-service-center,1,15,Attribution entropy,0.30303030303030304,0.5644586894586895,0.7833556451763287
Blood transfusion,blood-transfusion-service-center,1,15,Attribution Gini spread,0.3333333333333333,0.5612535612535612,0.5875870745199283
Blood transfusion,blood-transfusion-service-center,1,15,Low confidence,0.36363636363636365,0.6901709401709402,0.21598923171898432
Blood transfusion,blood-transfusion-service-center,1,15,SEF-entropy rank correlation,0.5761325734527207,,
Blood transfusion,blood-transfusion-service-center,1,16,SEF conflict,0.2727272727272727,0.5858262108262109,0.25695994632643143
Blood transfusion,blood-transfusion-service-center,1,16,Attribution entropy,0.15151515151515152,0.5543091168091169,0.7862629465986495
Blood transfusion,blood-transfusion-service-center,1,16,Attribution Gini spread,0.15151515151515152,0.567485754985755,0.5903692063079098
Blood transfusion,blood-transfusion-service-center,1,16,Low confidence,0.36363636363636365,0.6864316239316239,0.19570748571009597
Blood transfusion,blood-transfusion-service-center,1,16,SEF-entropy rank correlation,0.6577275622610325,,
Blood transfusion,blood-transfusion-service-center,1,17,SEF conflict,0.21212121212121213,0.552536231884058,0.19582457077107115
Blood transfusion,blood-transfusion-service-center,1,17,Attribution entropy,0.30303030303030304,0.6256038647342994,0.8151895974268752
Blood transfusion,blood-transfusion-service-center,1,17,Attribution Gini spread,0.3333333333333333,0.6264090177133655,0.6133177272114015
Blood transfusion,blood-transfusion-service-center,1,17,Low confidence,0.23684210526315788,0.5921900161030595,0.22598326106085267
Blood transfusion,blood-transfusion-service-center,1,17,SEF-entropy rank correlation,0.6440367311426931,,
Blood transfusion,blood-transfusion-service-center,1,18,SEF conflict,0.21212121212121213,0.638961038961039,0.18302109082164475
Blood transfusion,blood-transfusion-service-center,1,18,Attribution entropy,0.15151515151515152,0.49350649350649345,0.7235036377433309
Blood transfusion,blood-transfusion-service-center,1,18,Attribution Gini spread,0.15151515151515152,0.48398268398268396,0.5369505941359917
Blood transfusion,blood-transfusion-service-center,1,18,Low confidence,0.3235294117647059,0.7151515151515151,0.20316881740167297
Blood transfusion,blood-transfusion-service-center,1,18,SEF-entropy rank correlation,0.6265110672075992,,
Blood transfusion,blood-transfusion-service-center,1,19,SEF conflict,0.30303030303030304,0.6206657420249653,0.25146939347585184
Blood transfusion,blood-transfusion-service-center,1,19,Attribution entropy,0.2727272727272727,0.6210124826629682,0.8124280346958658
Blood transfusion,blood-transfusion-service-center,1,19,Attribution Gini spread,0.2727272727272727,0.6390429958391124,0.6094527923682006
Blood transfusion,blood-transfusion-service-center,1,19,Low confidence,0.3235294117647059,0.6099167822468793,0.16622610642099458
Blood transfusion,blood-transfusion-service-center,1,19,SEF-entropy rank correlation,0.7202816850106607,,
Blood transfusion,blood-transfusion-service-center,1,20,SEF conflict,0.15151515151515152,0.594535301156761,0.29873344117694656
Blood transfusion,blood-transfusion-service-center,1,20,Attribution entropy,0.17647058823529413,0.5710011966493818,0.8297035098682666
Blood transfusion,blood-transfusion-service-center,1,20,Attribution Gini spread,0.17647058823529413,0.5805743917032309,0.6269523688464581
Blood transfusion,blood-transfusion-service-center,1,20,Low confidence,0.17142857142857143,0.5127642600717989,0.22374477367041834
Blood transfusion,blood-transfusion-service-center,1,20,SEF-entropy rank correlation,0.6192913245636271,,
Blood transfusion,blood-transfusion-service-center,1,21,SEF conflict,0.21212121212121213,0.5783783783783784,0.2536857579988992
Blood transfusion,blood-transfusion-service-center,1,21,Attribution entropy,0.2727272727272727,0.6436936936936937,0.8141453522316531
Blood transfusion,blood-transfusion-service-center,1,21,Attribution Gini spread,0.2647058823529412,0.6427927927927928,0.6130118785475679
Blood transfusion,blood-transfusion-service-center,1,21,Low confidence,0.21212121212121213,0.6243243243243243,0.24090926815082161
Blood transfusion,blood-transfusion-service-center,1,21,SEF-entropy rank correlation,0.5430151014751907,,
Blood transfusion,blood-transfusion-service-center,1,22,SEF conflict,0.21212121212121213,0.5249084249084248,0.22002323571078353
Blood transfusion,blood-transfusion-service-center,1,22,Attribution entropy,0.2727272727272727,0.6652014652014652,0.7987445667311952
Blood transfusion,blood-transfusion-service-center,1,22,Attribution Gini spread,0.30303030303030304,0.6663003663003664,0.5993749864918618
Blood transfusion,blood-transfusion-service-center,1,22,Low confidence,0.30303030303030304,0.6197802197802198,0.20776397882541744
Blood transfusion,blood-transfusion-service-center,1,22,SEF-entropy rank correlation,0.5749867715511432,,
Blood transfusion,blood-transfusion-service-center,1,23,SEF conflict,0.24242424242424243,0.5575684380032206,0.2127902745267466
Blood transfusion,blood-transfusion-service-center,1,23,Attribution entropy,0.2727272727272727,0.5815217391304348,0.8027398337009813
Blood transfusion,blood-transfusion-service-center,1,23,Attribution Gini spread,0.2727272727272727,0.6044685990338164,0.605177078326142
Blood transfusion,blood-transfusion-service-center,1,23,Low confidence,0.36363636363636365,0.7598631239935587,0.2462159740345027
Blood transfusion,blood-transfusion-service-center,1,23,SEF-entropy rank correlation,0.52257178425458,,
Blood transfusion,blood-transfusion-service-center,1,24,SEF conflict,0.3333333333333333,0.6289912917271407,0.23710256593338155
Blood transfusion,blood-transfusion-service-center,1,24,Attribution entropy,0.30303030303030304,0.6197387518142236,0.7841531329554577
Blood transfusion,blood-transfusion-service-center,1,24,Attribution Gini spread,0.3333333333333333,0.63933236574746,0.5930057395695453
Blood transfusion,blood-transfusion-service-center,1,24,Low confidence,0.3939393939393939,0.7529027576197387,0.2288015570204982
Blood transfusion,blood-transfusion-service-center,1,24,SEF-entropy rank correlation,0.7316054937035317,,
Blood transfusion,blood-transfusion-service-center,1,25,SEF conflict,0.21212121212121213,0.5734702093397746,0.22820720375791467
Blood transfusion,blood-transfusion-service-center,1,25,Attribution entropy,0.14705882352941177,0.572061191626409,0.7766369272717659
Blood transfusion,blood-transfusion-service-center,1,25,Attribution Gini spread,0.15789473684210525,0.5676328502415459,0.5817654027167941
Blood transfusion,blood-transfusion-service-center,1,25,Low confidence,0.2647058823529412,0.6678743961352657,0.2274534515246037
Blood transfusion,blood-transfusion-service-center,1,25,SEF-entropy rank correlation,0.6584811448021982,,
Blood transfusion,blood-transfusion-service-center,1,26,SEF conflict,0.2727272727272727,0.5021974306964165,0.2724348841568226
Blood transfusion,blood-transfusion-service-center,1,26,Attribution entropy,0.18181818181818182,0.5248478701825557,0.8257862173349991
Blood transfusion,blood-transfusion-service-center,1,26,Attribution Gini spread,0.21212121212121213,0.5498647734956051,0.6245652998936058
Blood transfusion,blood-transfusion-service-center,1,26,Low confidence,0.38235294117647056,0.6790060851926979,0.23516943721000896
Blood transfusion,blood-transfusion-service-center,1,26,SEF-entropy rank correlation,0.4913445890086207,,
Blood transfusion,blood-transfusion-service-center,1,27,SEF conflict,0.4117647058823529,0.6152751423149905,0.2783228800962171
Blood transfusion,blood-transfusion-service-center,1,27,Attribution entropy,0.23529411764705882,0.5494939911448451,0.8478209071151517
Blood transfusion,blood-transfusion-service-center,1,27,Attribution Gini spread,0.23529411764705882,0.5627767235926628,0.6437769018375399
Blood transfusion,blood-transfusion-service-center,1,27,Low confidence,0.4117647058823529,0.7009803921568627,0.22003985288549652
Blood transfusion,blood-transfusion-service-center,1,27,SEF-entropy rank correlation,0.580453163201819,,
Blood transfusion,blood-transfusion-service-center,1,28,SEF conflict,0.30303030303030304,0.6117149758454106,0.28853119385715903
Blood transfusion,blood-transfusion-service-center,1,28,Attribution entropy,0.21212121212121213,0.6097020933977456,0.8249641008805052
Blood transfusion,blood-transfusion-service-center,1,28,Attribution Gini spread,0.21212121212121213,0.6201690821256037,0.6188081496829115
Blood transfusion,blood-transfusion-service-center,1,28,Low confidence,0.2727272727272727,0.5964170692431562,0.22101234253123167
Blood transfusion,blood-transfusion-service-center,1,28,SEF-entropy rank correlation,0.6521344297932151,,
Blood transfusion,blood-transfusion-service-center,1,29,SEF conflict,0.24242424242424243,0.640116763969975,0.24621019929817795
Blood transfusion,blood-transfusion-service-center,1,29,Attribution entropy,0.21212121212121213,0.6109257714762302,0.8245202294647503
Blood transfusion,blood-transfusion-service-center,1,29,Attribution Gini spread,0.21212121212121213,0.6296914095079232,0.6220350483762717
Blood transfusion,blood-transfusion-service-center,1,29,Low confidence,0.3333333333333333,0.67139282735613,0.25572419224464044
Blood transfusion,blood-transfusion-service-center,1,29,SEF-entropy rank correlation,0.5697149777732997,,
Blood transfusion,blood-transfusion-service-center,1,30,SEF conflict,0.24242424242424243,0.5889797507788161,0.22302982425870527
Blood transfusion,blood-transfusion-service-center,1,30,Attribution entropy,0.24242424242424243,0.6442757009345794,0.7715019996641203
Blood transfusion,blood-transfusion-service-center,1,30,Attribution Gini spread,0.24242424242424243,0.650506230529595,0.5809114979872729
Blood transfusion,blood-transfusion-service-center,1,30,Low confidence,0.3939393939393939,0.7291666666666666,0.2305764533290438
Blood transfusion,blood-transfusion-service-center,1,30,SEF-entropy rank correlation,0.6518455350402625,,
Blood transfusion,blood-transfusion-service-center,1,31,SEF conflict,0.30303030303030304,0.6353479853479853,0.2116646284290307
Blood transfusion,blood-transfusion-service-center,1,31,Attribution entropy,0.3333333333333333,0.6730769230769231,0.7879672693361096
Blood transfusion,blood-transfusion-service-center,1,31,Attribution Gini spread,0.30303030303030304,0.6811355311355312,0.590798973745491
Blood transfusion,blood-transfusion-service-center,1,31,Low confidence,0.3333333333333333,0.641941391941392,0.21854764021740505
Blood transfusion,blood-transfusion-service-center,1,31,SEF-entropy rank correlation,0.6142057301154127,,
Blood transfusion,blood-transfusion-service-center,1,32,SEF conflict,0.15151515151515152,0.539049919484702,0.27540565877694617
Blood transfusion,blood-transfusion-service-center,1,32,Attribution entropy,0.17647058823529413,0.5817230273752012,0.8178285663292802
Blood transfusion,blood-transfusion-service-center,1,32,Attribution Gini spread,0.18181818181818182,0.5877616747181964,0.61831121653451
Blood transfusion,blood-transfusion-service-center,1,32,Low confidence,0.30303030303030304,0.6843800322061192,0.2563530075843929
Blood transfusion,blood-transfusion-service-center,1,32,SEF-entropy rank correlation,0.6373549527663498,,
Blood transfusion,blood-transfusion-service-center,1,33,SEF conflict,0.29411764705882354,0.4934135166093929,0.31183524406307295
Blood transfusion,blood-transfusion-service-center,1,33,Attribution entropy,0.20588235294117646,0.5286368843069874,0.8533034886196421
Blood transfusion,blood-transfusion-service-center,1,33,Attribution Gini spread,0.20588235294117646,0.5483963344788088,0.6484761597300577
Blood transfusion,blood-transfusion-service-center,1,33,Low confidence,0.3142857142857143,0.6156930126002291,0.23344605342048427
Blood transfusion,blood-transfusion-service-center,1,33,SEF-entropy rank correlation,0.30170541694466424,,
Blood transfusion,blood-transfusion-service-center,1,34,SEF conflict,0.18181818181818182,0.5132882882882882,0.23994097184958607
Blood transfusion,blood-transfusion-service-center,1,34,Attribution entropy,0.18181818181818182,0.5542792792792793,0.7984247289963414
Blood transfusion,blood-transfusion-service-center,1,34,Attribution Gini spread,0.18181818181818182,0.5614864864864866,0.6022445869599019
Blood transfusion,blood-transfusion-service-center,1,34,Low confidence,0.36363636363636365,0.7430180180180179,0.23935039858832843
Blood transfusion,blood-transfusion-service-center,1,34,SEF-entropy rank correlation,0.5584678657738694,,
Blood transfusion,blood-transfusion-service-center,1,35,SEF conflict,0.2,0.5193069306930693,0.2399191540375717
Blood transfusion,blood-transfusion-service-center,1,35,Attribution entropy,0.21212121212121213,0.5607260726072607,0.7907369775983425
Blood transfusion,blood-transfusion-service-center,1,35,Attribution Gini spread,0.24242424242424243,0.5600660066006602,0.5943535095037887
Blood transfusion,blood-transfusion-service-center,1,35,Low confidence,0.3939393939393939,0.6858085808580858,0.21210020240020647
Blood transfusion,blood-transfusion-service-center,1,35,SEF-entropy rank correlation,0.6626232749065023,,
Blood transfusion,blood-transfusion-service-center,1,36,SEF conflict,0.41025641025641024,0.5955004591368228,0.36431485532927277
Blood transfusion,blood-transfusion-service-center,1,36,Attribution entropy,0.2777777777777778,0.6012396694214877,0.8483371018957265
Blood transfusion,blood-transfusion-service-center,1,36,Attribution Gini spread,0.2777777777777778,0.610651974288338,0.6390245664981552
Blood transfusion,blood-transfusion-service-center,1,36,Low confidence,0.5,0.7001836547291093,0.22832575023510487
Blood transfusion,blood-transfusion-service-center,1,36,SEF-entropy rank correlation,0.4965018132095698,,
Blood transfusion,blood-transfusion-service-center,1,37,SEF conflict,0.18181818181818182,0.5545787545787546,0.18137457684012173
Blood transfusion,blood-transfusion-service-center,1,37,Attribution entropy,0.18181818181818182,0.5095238095238096,0.7371276118727519
Blood transfusion,blood-transfusion-service-center,1,37,Attribution Gini spread,0.17647058823529413,0.4970695970695971,0.5459385310010894
Blood transfusion,blood-transfusion-service-center,1,37,Low confidence,0.3333333333333333,0.6153846153846154,0.19841536593807083
Blood transfusion,blood-transfusion-service-center,1,37,SEF-entropy rank correlation,0.604466866362505,,
Blood transfusion,blood-transfusion-service-center,1,38,SEF conflict,0.12121212121212122,0.4078947368421052,0.2122606237177098
Blood transfusion,blood-transfusion-service-center,1,38,Attribution entropy,0.18181818181818182,0.4765037593984962,0.7996161905040199
Blood transfusion,blood-transfusion-service-center,1,38,Attribution Gini spread,0.18181818181818182,0.4929511278195489,0.6013745459762111
Blood transfusion,blood-transfusion-service-center,1,38,Low confidence,0.21212121212121213,0.6151315789473684,0.24260876263530218
Blood transfusion,blood-transfusion-service-center,1,38,SEF-entropy rank correlation,0.6795608904546603,,
Blood transfusion,blood-transfusion-service-center,1,39,SEF conflict,0.2647058823529412,0.661188369152971,0.24619540895505357
Blood transfusion,blood-transfusion-service-center,1,39,Attribution entropy,0.14705882352941177,0.640117994100295,0.7763884024095001
Blood transfusion,blood-transfusion-service-center,1,39,Attribution Gini spread,0.14705882352941177,0.6418036241045091,0.5827503297659371
Blood transfusion,blood-transfusion-service-center,1,39,Low confidence,0.3333333333333333,0.7243994943109987,0.23006796532385754
Blood transfusion,blood-transfusion-service-center,1,39,SEF-entropy rank correlation,0.6862048899509361,,
Blood transfusion,blood-transfusion-service-center,1,40,SEF conflict,0.15151515151515152,0.5753246753246753,0.24794640393386966
Blood transfusion,blood-transfusion-service-center,1,40,Attribution entropy,0.12121212121212122,0.5541125541125541,0.8085692958283328
Blood transfusion,blood-transfusion-service-center,1,40,Attribution Gini spread,0.12121212121212122,0.5735930735930737,0.6084116145149526
Blood transfusion,blood-transfusion-service-center,1,40,Low confidence,0.2727272727272727,0.6350649350649351,0.2293979539146367
Blood transfusion,blood-transfusion-service-center,1,40,SEF-entropy rank correlation,0.6524168853539711,,
Blood transfusion,blood-transfusion-service-center,1,41,SEF conflict,0.30303030303030304,0.524052065647991,0.23048394931531938
Blood transfusion,blood-transfusion-service-center,1,41,Attribution entropy,0.24242424242424243,0.5182512733446519,0.7844998110298994
Blood transfusion,blood-transfusion-service-center,1,41,Attribution Gini spread,0.24242424242424243,0.5227787209960385,0.5883503273764257
Blood transfusion,blood-transfusion-service-center,1,41,Low confidence,0.4411764705882353,0.6891624221844935,0.2004585019765239
Blood transfusion,blood-transfusion-service-center,1,41,SEF-entropy rank correlation,0.6743638004293923,,
Blood transfusion,blood-transfusion-service-center,1,42,SEF conflict,0.18181818181818182,0.5091575091575091,0.2486470025862992
Blood transfusion,blood-transfusion-service-center,1,42,Attribution entropy,0.24242424242424243,0.5578754578754579,0.8186211997829135
Blood transfusion,blood-transfusion-service-center,1,42,Attribution Gini spread,0.24242424242424243,0.5824175824175825,0.618483979145358
Blood transfusion,blood-transfusion-service-center,1,42,Low confidence,0.2571428571428571,0.5798534798534799,0.24593490977429416
Blood transfusion,blood-transfusion-service-center,1,42,SEF-entropy rank correlation,0.6767217374733696,,
Blood transfusion,blood-transfusion-service-center,1,43,SEF conflict,0.16666666666666666,0.5738738738738738,0.26903477139700077
Blood transfusion,blood-transfusion-service-center,1,43,Attribution entropy,0.15151515151515152,0.5619369369369369,0.805270427848297
Blood transfusion,blood-transfusion-service-center,1,43,Attribution Gini spread,0.15151515151515152,0.5646396396396396,0.6075808556972497
Blood transfusion,blood-transfusion-service-center,1,43,Low confidence,0.18181818181818182,0.6227477477477478,0.19313479365958616
Blood transfusion,blood-transfusion-service-center,1,43,SEF-entropy rank correlation,0.6286558724238485,,
Blood transfusion,blood-transfusion-service-center,1,44,SEF conflict,0.22857142857142856,0.6448220064724919,0.26945879917562876
Blood transfusion,blood-transfusion-service-center,1,44,Attribution entropy,0.20588235294117646,0.6055016181229773,0.8135128152847059
Blood transfusion,blood-transfusion-service-center,1,44,Attribution Gini spread,0.23529411764705882,0.6097087378640778,0.6132575493319383
Blood transfusion,blood-transfusion-service-center,1,44,Low confidence,0.39473684210526316,0.6585760517799353,0.20689221599104948
Blood transfusion,blood-transfusion-service-center,1,44,SEF-entropy rank correlation,0.6554076118486549,,
Blood transfusion,blood-transfusion-service-center,1,45,SEF conflict,0.24242424242424243,0.5402298850574713,0.2806968098621148
Blood transfusion,blood-transfusion-service-center,1,45,Attribution entropy,0.2727272727272727,0.5801217038539553,0.8067464478789369
Blood transfusion,blood-transfusion-service-center,1,45,Attribution Gini spread,0.2727272727272727,0.5848546315077755,0.6108780844975299
Blood transfusion,blood-transfusion-service-center,1,45,Low confidence,0.3333333333333333,0.6883029073698445,0.2366873998490312
Blood transfusion,blood-transfusion-service-center,1,45,SEF-entropy rank correlation,0.6418243537566596,,
Blood transfusion,blood-transfusion-service-center,1,46,SEF conflict,0.18181818181818182,0.5037393162393162,0.24910008912625586
Blood transfusion,blood-transfusion-service-center,1,46,Attribution entropy,0.21212121212121213,0.4613603988603988,0.810299933572609
Blood transfusion,blood-transfusion-service-center,1,46,Attribution Gini spread,0.18181818181818182,0.48023504273504275,0.612086855104699
Blood transfusion,blood-transfusion-service-center,1,46,Low confidence,0.42424242424242425,0.67752849002849,0.2304697817189704
Blood transfusion,blood-transfusion-service-center,1,46,SEF-entropy rank correlation,0.6035128446689898,,
Blood transfusion,blood-transfusion-service-center,1,47,SEF conflict,0.3939393939393939,0.6888278388278388,0.2694765942854244
Blood transfusion,blood-transfusion-service-center,1,47,Attribution entropy,0.36363636363636365,0.6683150183150184,0.835024811109764
Blood transfusion,blood-transfusion-service-center,1,47,Attribution Gini spread,0.36363636363636365,0.6774725274725275,0.6289298877365079
Blood transfusion,blood-transfusion-service-center,1,47,Low confidence,0.21212121212121213,0.6181318681318682,0.20930677165333914
Blood transfusion,blood-transfusion-service-center,1,47,SEF-entropy rank correlation,0.551732973179457,,
Blood transfusion,blood-transfusion-service-center,1,48,SEF conflict,0.30303030303030304,0.6564102564102564,0.23133264451875646
Blood transfusion,blood-transfusion-service-center,1,48,Attribution entropy,0.30303030303030304,0.678937728937729,0.8458521809842358
Blood transfusion,blood-transfusion-service-center,1,48,Attribution Gini spread,0.3333333333333333,0.6888278388278388,0.6393388833578296
Blood transfusion,blood-transfusion-service-center,1,48,Low confidence,0.30303030303030304,0.6225274725274725,0.2233976391068988
Blood transfusion,blood-transfusion-service-center,1,48,SEF-entropy rank correlation,0.6674092306555149,,
Blood transfusion,blood-transfusion-service-center,1,49,SEF conflict,0.24242424242424243,0.563776364245062,0.2793274515679067
Blood transfusion,blood-transfusion-service-center,1,49,Attribution entropy,0.2727272727272727,0.5833612320053565,0.8498393688425507
Blood transfusion,blood-transfusion-service-center,1,49,Attribution Gini spread,0.2727272727272727,0.600435219283562,0.6389203702758348
Blood transfusion,blood-transfusion-service-center,1,49,Low confidence,0.36363636363636365,0.62152661533311,0.2627551401135204
Blood transfusion,blood-transfusion-service-center,1,49,SEF-entropy rank correlation,0.5757067069700263,,
